-- phpMyAdmin SQL Dump
-- version 5.0.2
-- https://www.phpmyadmin.net/
--
-- Host: 127.0.0.1:3306
-- Generation Time: Nov 12, 2022 at 06:46 PM
-- Server version: 8.0.21
-- PHP Version: 7.3.21

SET SQL_MODE = "NO_AUTO_VALUE_ON_ZERO";
START TRANSACTION;
SET time_zone = "+00:00";


/*!40101 SET @OLD_CHARACTER_SET_CLIENT=@@CHARACTER_SET_CLIENT */;
/*!40101 SET @OLD_CHARACTER_SET_RESULTS=@@CHARACTER_SET_RESULTS */;
/*!40101 SET @OLD_COLLATION_CONNECTION=@@COLLATION_CONNECTION */;
/*!40101 SET NAMES utf8mb4 */;

--
-- Database: `mounium_db`
--

-- --------------------------------------------------------

--
-- Table structure for table `annee`
--

DROP TABLE IF EXISTS `annee`;
CREATE TABLE IF NOT EXISTS `annee` (
  `annee` smallint DEFAULT NULL
) ENGINE=InnoDB DEFAULT CHARSET=utf8mb4 COLLATE=utf8mb4_general_ci;

--
-- Dumping data for table `annee`
--

INSERT INTO `annee` (`annee`) VALUES
(2011),
(2012),
(2013),
(2014),
(2015),
(2016),
(2017);

-- --------------------------------------------------------

--
-- Table structure for table `clients`
--

DROP TABLE IF EXISTS `clients`;
CREATE TABLE IF NOT EXISTS `clients` (
  `id_client` smallint NOT NULL AUTO_INCREMENT,
  `client_name` varchar(23) DEFAULT NULL,
  `id_cli_fnr` varchar(2) DEFAULT NULL,
  PRIMARY KEY (`id_client`)
) ENGINE=InnoDB DEFAULT CHARSET=utf8mb4 COLLATE=utf8mb4_general_ci;

--
-- Dumping data for table `clients`
--

INSERT INTO `clients` (`id_client`, `client_name`, `id_cli_fnr`) VALUES
(1, 'NEURONES', '12'),
(2, 'GENERALI', '27'),
(3, 'FIGARO', ''),
(4, 'EMC', ''),
(5, 'AREVA', ''),
(7, 'Proxi', ''),
(8, 'AMUNDI', '88'),
(10, 'GIVAUDAN', ''),
(11, 'ORANGE', ''),
(12, 'SAGE', ''),
(13, 'GEODIS', ''),
(14, 'VISTEON', ''),
(15, 'L OREAL', ''),
(16, 'ARCADE', '11'),
(17, 'ECONOCOM', '41'),
(18, 'SCC', '8'),
(19, 'ABBOTT', '16'),
(21, 'ENDEMOL', ''),
(22, 'STIMPLUS', ''),
(23, 'OSIATIS', '15'),
(24, 'LA BANQUE POSTALE', ''),
(26, 'groupama', ''),
(27, 'allianz', ''),
(28, 'HELPLINE', ''),
(29, 'EDF-GDF', ''),
(30, 'BROSSETTE', '68'),
(31, 'banques diverses', ''),
(32, 'Mairie de Paris', ''),
(33, 'Laboratoire Servier', ''),
(34, 'INSTITUT DE SOUDURE', '14'),
(35, 'Conseil Général 92', ''),
(36, 'Assemblée Nationale', ''),
(37, 'Ministère de la Culture', ''),
(38, 'Brinks', ''),
(40, 'JC DECAUX', ''),
(41, 'UCB Pharma', ''),
(42, 'CPAM', ''),
(43, 'France TV', ''),
(44, 'Laboratoire ROCHE', '49'),
(45, 'Crédit Coopératif', ''),
(46, 'Château de Versailles', ''),
(47, 'Malakoff Mederic', ''),
(48, 'Gras Savoye', ''),
(49, 'Crédit Agricole', ''),
(50, 'Eiffage', '45'),
(51, 'Ministère de la Défense', ''),
(52, 'SANOFI', ''),
(53, 'GEOS', ''),
(54, 'Ministère de la Santé', ''),
(55, 'bnp', '55'),
(56, 'Wolseley', '57'),
(57, 'Acoss', '52'),
(58, 'AXA', ''),
(59, 'mcdonalds', ''),
(60, 'Sodexo', ''),
(61, 'IBM Global Services', ''),
(62, 'FNAC', ''),
(63, 'Ministère', ''),
(64, 'Donaldson', ''),
(65, 'Ingenico', '72'),
(66, 'FMM', ''),
(67, 'Thales', ''),
(68, 'Solucia', ''),
(69, 'Flammarion', ''),
(70, 'Nespresso', '63'),
(71, 'Alliance', '17'),
(72, 'April', ''),
(73, 'Safran', ''),
(74, 'Figaro Groupe', ''),
(75, 'HP', ''),
(76, 'SERVIER', ''),
(77, 'Dior', ''),
(78, 'Rfi', '81'),
(79, 'Unilever', '80'),
(80, 'Oscaro', ''),
(81, 'SFR', ''),
(82, 'SPIE Communication', ''),
(83, 'Renault', ''),
(84, 'CRPCEN', ''),
(85, 'Pole Emploi', ''),
(86, 'Unifica', ''),
(87, 'Saint Gobain', ''),
(88, 'Centre hospitalier', ''),
(89, '3M', ''),
(90, 'Cité des sciences', ''),
(91, 'Icade', ''),
(92, 'Computacenter', ''),
(93, 'Disneyland Paris', ''),
(94, 'Carrefour', ''),
(95, 'Total', ''),
(96, 'American Express', ''),
(97, 'Allium', ''),
(98, 'Cegid', ''),
(99, 'Kiloutou', '87'),
(100, 'RFF', ''),
(101, 'Galeries Lafayettes', ''),
(102, 'RISC Group', ''),
(103, 'collège', ''),
(104, 'cabinet avocat', ''),
(105, 'Natixis', ''),
(106, 'T-Système', ''),
(107, 'SASEM', ''),
(108, 'DCNS', ''),
(109, 'KRAFT', ''),
(110, 'GMF', ''),
(111, 'Hachette', ''),
(112, 'FFT', ''),
(113, 'TECHNIP', ''),
(114, 'CCI', ''),
(115, 'ERDF', ''),
(116, 'Microsoft', '');

-- --------------------------------------------------------

--
-- Table structure for table `cli_fnr`
--

DROP TABLE IF EXISTS `cli_fnr`;
CREATE TABLE IF NOT EXISTS `cli_fnr` (
  `id` smallint NOT NULL,
  `cli_rs` varchar(255) CHARACTER SET utf8mb4 COLLATE utf8mb4_general_ci DEFAULT NULL,
  `cli_adr` varchar(255) CHARACTER SET utf8mb4 COLLATE utf8mb4_general_ci DEFAULT NULL,
  `cli_cp` varchar(255) CHARACTER SET utf8mb4 COLLATE utf8mb4_general_ci DEFAULT NULL,
  `cli_vil` varchar(255) CHARACTER SET utf8mb4 COLLATE utf8mb4_general_ci DEFAULT NULL,
  `cli_tel` varchar(255) CHARACTER SET utf8mb4 COLLATE utf8mb4_general_ci DEFAULT NULL,
  `cli_fax` varchar(255) CHARACTER SET utf8mb4 COLLATE utf8mb4_general_ci DEFAULT NULL,
  `cli_siret` varchar(255) CHARACTER SET utf8mb4 COLLATE utf8mb4_general_ci DEFAULT NULL,
  `typ_fnr` varchar(255) CHARACTER SET utf8mb4 COLLATE utf8mb4_general_ci DEFAULT NULL,
  `cli_actif` varchar(255) CHARACTER SET utf8mb4 COLLATE utf8mb4_general_ci DEFAULT NULL
) ENGINE=InnoDB DEFAULT CHARSET=utf8mb4 COLLATE=utf8mb4_general_ci;

--
-- Dumping data for table `cli_fnr`
--

INSERT INTO `cli_fnr` (`id`, `cli_rs`, `cli_adr`, `cli_cp`, `cli_vil`, `cli_tel`, `cli_fax`, `cli_siret`, `typ_fnr`, `cli_actif`) VALUES
(2, 'ABBVIE12', '10 rue d\'Arcueil', '94528', 'Rungis Cedex', '0145601300', '0145601301', NULL, NULL, NULL),
(3, 'ECONOCOM321', '106 rue des Trois Fontanot', '92751', 'Naterre Cedex', '0141673000', '0141673100', NULL, NULL, NULL),
(4, 'STIM PLUS213213', '166 Avenue Georges Clémenceau', '92000', 'NANTERRE', '0155693030', '0155693040', NULL, NULL, NULL),
(8, 'SCC SERVICESaa-', '96 rue des 3 Fontanot', '92744', 'NANTERRE CEDEX', '0141309400', '0141309190', NULL, NULL, NULL),
(9, 'OSIATIS SYSTEMS321', 'Vélizy plus Bat F 1 rue de Petit Clamart', '78140', 'VELIZY VILLACOUBLAY', '0141283000', '0141283030', NULL, NULL, NULL),
(10, 'FIGARO MEDIAS', '14 Boulevard Haussmann', '75438', 'PARIS CEDEX 09', '0147847000', '0147847324', '', 'False', 'True'),
(11, 'ARCADE SERVICESadsf', '59 rue de Provence', '75009', 'PARIS', '0149953737', NULL, NULL, 'False', 'True'),
(12, 'NEURONES', 'Immeuble\" Le Clémenceau 1\" 205 Avenue Georges Clémenceau', '92024', 'NANTERRE CEDEX', '0141374137', '0147844046', '', 'False', 'True'),
(14, 'Institut de Soudure', 'ZI PARIS NORD 2 90 rue des Vanesses BP 51362', '95942', 'ROISSY CDG CEDEX', '0149903600', '0149903650', '', 'False', 'True'),
(15, 'OSIATIS France', '1 rue du Petit Clamart Bât F BP26', '78142', 'VELIZY', '0141283000', '0141283030', '', 'False', 'True'),
(16, 'ABBOTT France', '10 rue d\'Arcueil', '94528', 'RUNGIS', '0145602500', '0145600498', '', 'False', 'True'),
(17, 'ALLIANCE', '', '', '', '', '', '', 'False', 'True'),
(18, 'CARRIEL GREGORY', '37 rue d\'Alsace', '93290', 'TREMBLAY', '', '', '', 'True', 'True'),
(23, 'CONNECTT', '45 avenue Parmentier', '75011', 'PARIS', '0177355655', '0449297495', '', 'True', 'True'),
(24, 'VERGES Arnaud', '62 rue Gabriel PERI', '78800', 'HOUILLES', '', '', '', 'True', 'True'),
(25, 'DESMOTTES Arnaud', '26 rue de Bourgogne', '95100', 'ARGENTEUIL', '', '', '', 'True', 'True'),
(27, 'GENERALI VIE', '11 Boulevard Haussmann', '75009', 'Paris', '0158384000', '0158 38 51 17', '', 'False', 'True'),
(28, 'VADELIA', 'Place Ganguin', '77190', 'DAMMARIE LES LYS', '0164194399', '', '', 'True', 'True'),
(29, 'ESR', '', '', '', '', '', '', 'False', 'True'),
(32, 'JEGASOLUTIONS', '', '', '', '', '', '', 'True', 'True'),
(33, 'CHAMPION MATHIEU', '1 allée des châtaigniers', '78480', 'Verneuil sur Seine', '0640298785', '', '', 'True', 'True'),
(37, 'ECOLOG\'INK', '', '', '', '', '', '', 'True', 'True'),
(40, 'ASCOM', '28 Avenue de l\'Ilde Saint Martin', '92024', 'Nanterre Cedex', '0811902010', '0147696452', '', 'False', 'True'),
(41, 'abbott', '1 Rue De Terre Neuve - ZAC DE COURTABOEUF', '91940', 'Les Ullis', '', '', '', 'False', 'True'),
(42, 'HELPLINE', '171 avenue Georges Clemenceau', '92024', 'Nanterre Cedex', '0141377000', '0141377001', '', 'False', 'True'),
(43, 'JCDECAUX', 'ZI Sainte Hypolline', '78000', 'Plaisir', '0130797979', '0130791740', '', 'False', 'True'),
(44, 'TECHNIP', '6-8 Allée de l\'arche', '92400', 'Courbevoie', '0147782121', '0147783090', '', 'False', 'True'),
(45, 'EIFFAGE', '1 Place Des Huats Tilliers', '92230', 'Gennevilliers', '0141328288', '0141328347', '', 'False', 'True'),
(47, 'BRINK\'S Sartrouville', '', '', '', '', '', '', 'False', 'True'),
(48, 'CREDIT AGRICOLE', '25 quai du Président Paul DOUMER', '92920', 'Paris La Défense', '', '', '', 'False', 'True'),
(49, 'LABORATOIRE ROCHE', '', '', '', '', '', '', 'False', 'True'),
(51, 'MARCYANIS 2', '', '', '', '0950037334', '0950037334', '', 'False', 'True'),
(52, 'ACOSS', '36 rue de Valmy', '', 'MONTREUIL', '', '', '', 'False', 'True'),
(53, 'ARROW SOFT', '', '', '', '', '', '', 'True', 'True'),
(54, 'LYNX RH', '', '', '', '', '', '', 'True', 'True'),
(55, 'BNP', 'Valmy 4, avenue Léon Gaumont', '75020', 'Paris', '', '', '', 'False', 'True'),
(57, 'Wolseley', '', '', '', '', '', '', 'False', 'True'),
(58, 'Ministère du travail', '', '', '', '', '', '', 'False', 'True'),
(59, 'ARCATEM', '', '', '', '', '', '', 'True', 'True'),
(60, 'FIGARO CLASSIFIEDS', '', '', '', '', '', '', 'False', 'True'),
(61, 'papa', '', '', '', '', '', '', 'False', 'True'),
(62, 'TECHNOBENCH', '100 rue d\'Avron', '75020', 'Paris', '0667774478', '', '78982189900018', 'True', 'True'),
(63, 'Nespresso', '70, Rue de la Villette', '69003', 'Lyon', '', '', '', 'False', 'True'),
(64, 'LEMON GROUP', '', '', '', '', '', '', 'True', 'True'),
(65, 'EPSILON', '', '', '', '', '', '', 'True', 'True'),
(66, 'Groupe Figaro', '14 boulevard Haussmann', '75009', 'Paris', '', '', '', 'False', 'True'),
(67, 'Ricard', '4 rue Berthelot', '13014', 'Marseille', '0491111111', '', '', 'False', 'True'),
(68, 'Brossette', '', '', '', '', '', '', 'False', 'True'),
(69, 'YORA Jamal', '', '', '', '', '', '', 'True', 'True'),
(70, 'EXCIS', '', '', 'Lyon', '', '', '', 'True', 'True'),
(71, 'MOVIANTO France', 'ZAC des Tulipes Sud  4 avenue du 21ème siècle', '95500', 'Gonesse', '', '', '', 'False', 'True'),
(72, 'INGENICO', '28-32 boulevard de Grenelle', '75015', 'Paris', '', '', '', 'False', 'True'),
(73, 'OCDE', '2 rue André Pascal', '75016', 'Paris', '', '', '', 'False', 'True'),
(74, 'GDF', '', '', '', '', '', '', 'False', 'True'),
(75, 'DOVAN Frederic', '', '', '', '', '', '', 'True', 'True'),
(76, 'Deloitte', '185 avenue du Gal de Gaulle', '', 'Neuilly Sur Seine', '', '', '', 'False', 'True'),
(77, 'Robin Copains', '', '', '', '', '', '', 'True', 'True'),
(78, 'WARGNIES Nicolas', '', '', '', '', '', '', 'True', 'True'),
(79, 'BULL', 'rue Jean Jaurès BP 68', '78340', 'Les Clayes Sous Bois', '', '', '', 'False', 'True'),
(80, 'UNILEVER', '23 rue François Jacob', '92842', 'Rueil Malmaison', '0141966200', '', '', 'False', 'True'),
(81, 'RFI', '80 rue Camille Desmoulins', '92130', 'Issy Les Moulineaux', '', '', '', 'False', 'True'),
(82, 'TurnOver IT', '', '', '', '', '', '', 'True', 'True'),
(84, 'lui-même', '', '', '', '', '', '', 'True', 'True'),
(85, 'Thalès', '	2 Avenue Gay Lussac', '78990', 'Elancourt', '0173170000', '', '', 'False', 'True'),
(86, 'GUEHOUN Franck', '', '', '', '', '', '', 'True', 'True'),
(87, 'KILOUTOU', 'Déploiement sur toute la France', '', '', '', '', '', 'False', 'True'),
(88, 'AMUNDI', 'Tour Montparnasse ou 90 bd Pasteur', '75015', 'Paris', '', '', '', 'False', 'True'),
(92, 'TERTIALIS', '101 bd Haussmann/ 34 rue de Laborde', '75008', 'Paris', '0153307676', '0142665556', '', 'True', 'True'),
(93, 'CONSORT NT', '', '', '', '', '', '', 'False', 'True'),
(94, 'La Banque Postale', '41/43 rue Camille Desmoulins Bat Axe Seine', '92130', 'Issy Les Moulineaux', '', '', '', 'False', 'True'),
(95, 'EFFOR - EFREI Formations', '30-32 avenue de la république', '94800', 'Villejuif', '0147265009', '', '', 'True', 'True'),
(96, 'OSIATIS ECONOCOM', '1 rue du Petit Clamart – Batiment F – BP26', '78142', 'Vélizy Villacoublay', '', '', '', 'False', 'True'),
(97, 'Marsch', 'Tour Arianne', '', 'La Défense', '', '', '', 'False', 'True'),
(98, 'SOCATEB', '15-17 rue du Moulin à Cailloux', '94310', 'Orly', '', '', '', 'False', 'True'),
(99, 'Dior', '27 rue Goujon', '75008', 'Paris', '', '', '', 'False', 'True'),
(100, 'KOBALTT', '64 rue Tiquetonne', '75002', 'Paris', '', '', '', 'True', 'True'),
(101, 'HOLDING FINANCES', '8 avenue D\'Eylau', '75016', 'Paris', '', '', '', 'False', 'True'),
(102, 'APRIL', '', '', '', '', '', '', 'False', 'True'),
(103, 'SIEM', '250bis rue du Faubourg St Honoré', '75008', 'Paris', '0148888888', '', '', 'False', 'True'),
(104, 'Mac Donald\'s', '', '', '', '', '', '', 'False', 'True'),
(105, 'France 24', '80 rue Camille Desmoulins', '92130', 'Issy Les Moulineaux', '', '', '', 'False', 'True'),
(106, 'Ministère de la Santé/ travail', '', '', '', '', '', '', 'False', 'True'),
(107, 'Servier', '', '', '', '', '', '', 'False', 'True'),
(108, 'Ipsen', '65 quai Georges Gorse', '92100', 'Boulogne Billancourt', '', '', '', 'False', 'True'),
(109, 'SODEXO', '255 quai de Stalingrad', '92130', 'Issy Les Moulineaux', '0130857500', '', '', 'False', 'True'),
(110, 'Gras Savoye', '', '', '', '', '', '', 'False', 'True'),
(111, 'FMM', '', '', '', '', '', '', 'False', 'True'),
(112, 'SER2S', '', '', '', '', '', '', 'False', 'True'),
(113, 'BNP LS', '', '', '', '', '', '', 'False', 'True'),
(114, 'MAF', '9 rue Amiral HAMELIN', '75016', 'Paris', '', '', '', 'False', 'True'),
(115, 'Sejer', '30 place d\'Italie', '75013', 'Paris', '', '', '', 'False', 'True'),
(116, 'Campus France', '28 rue de la Grange aux Belles', '75010', 'Paris', '', '', '', 'False', 'True'),
(117, 'Carrefour Neuilly', '66 avenue Charles de Gaulle', '75522', 'Neuilly sur Seine Cedex', '', '', '', 'False', 'True'),
(118, 'France Television Publicite', '64 avenue Jean Baptiste Clement', '92100', 'Boulogne Billancourt', '0156226200', '', '', 'False', 'True'),
(119, 'Coliposte', '62 rue Camille Desmoulins', '92441', 'Issy Les Moulineaux', '', '', '', 'False', 'True'),
(120, 'LENOVO', 'n° client: 500 279 601', '', '', '0243166035', '', '', 'True', 'True'),
(121, 'Tarek Livreur', '', '', '', '0623044282', '', '', 'False', 'True'),
(122, 'Ville de Paris', '29 rue de Rivoli', '75004', 'Paris', '', '', '', 'False', 'True'),
(123, 'SI2M Guyancourt', '4 rue de la Redoute', '78288', 'Guyancourt', '', '', '', 'False', 'True'),
(124, 'SI2M La Fayette', '59 rue de La Fayette', '75009', 'Paris', '', '', '', 'False', 'True'),
(125, 'Metro', '5 rue des Grands Prés', '92024', 'Nanterre', '', '', '', 'False', 'True'),
(126, 'Le Moulin Vert', '19 rue Saulnier', '75009', 'Paris', '', '', '', 'False', 'True'),
(127, 'Coface', '', '', 'Bois Colombes', '', '', '', 'False', 'True'),
(128, 'SACM', '114/118 rue de Verdun', '92186', 'Puteaux Cedex', '', '', '', 'False', 'True'),
(129, 'CACEIS', '1 place Valhubert', '75013', 'Paris', '', '', '', 'False', 'True'),
(130, 'TC System', '7 rue Nicolas RORET', '75013', 'Paris', '', '', '05314714400013', 'True', 'True'),
(131, 'ETAM', '57 rue Henri BARBUSSE', '92110', 'Clichy', '', '', '', 'False', 'True'),
(132, 'CACIF', '', '', '', '', '', '', 'False', 'True'),
(133, 'DONALDSON', '33 rue des Vanesses', '93420', 'Villepinte', '', '', '', 'False', 'True'),
(134, 'Microsoft', '', '', '', '', '', '', 'False', 'True'),
(136, 'EXPECTRA', '', '', '', '', '', '', 'True', 'True'),
(138, 'ICADE', '78 Rue de la Vilette', '69425', 'Lyon', '', '', '', 'False', 'True'),
(139, 'Givenchy', '6, Rue de Tremoille', '75008', 'Paris', '', '', '', 'False', 'True'),
(140, 'Caagis', '16 Boulevard VAUGIRARD', '75015', 'Paris', '', '', '', 'False', 'True'),
(141, 'Carrefour Massy', '63 avenue de Paris', '91300', 'Massy', '', '', '', 'False', 'True'),
(142, 'COMM WORKS', '17, Avenue du Parc\r\n91380 Chilly Mazarin', '91380', 'Chily Mazarin', '0169747171', '', '', 'True', 'True'),
(143, 'Hermés', '', '93500', 'Pantin', '', '', '', 'False', 'True'),
(144, 'CACF', ' 20 rue du Bois Sauvage', '91000', 'Evry', '', '', '', 'False', 'True'),
(145, 'Groupe EDH - Ecoles', '61, 63 Rue Pierre Charron\r\n63 Rue Pierre Charron\r\nParis', '75008', 'Paris', '', '', '', 'False', 'True'),
(146, 'MANUTAN', 'Avenue du Xxième Siècle', '95500', 'Gonesse', '0134533535', '', '', 'False', 'True'),
(147, 'Natixis', '2-4 Avenue du Général de Gaulle\r\n\r\n\r\n2-4 Avenue du Général de Gaulle\r\nCharenton-le-Pont\r\n01 58 32 30 00', '94220', 'Charenton-le-Pont', '0158323000', '', '', 'False', 'True'),
(148, 'Centre Pompidou', 'Place Georges-Pompidou', '75004', 'Paris', '0144781233', '', '', 'False', 'True'),
(149, 'La Banque postale Evry', '8-10 Rue Truillot 94 200 IVRY SUR SEINE', '94200', 'Evry sur seine', '', '', '', 'False', 'True'),
(150, 'Assurance Epargne Pension', '76, Rue de la Victoire\r\n\r\n\r\nClient : AEP\r\nPoste : Remplacement SDP\r\nDate : 18 décembre au 2 janvier.\r\nHoraire : 9 à 17h \r\nLieu :76 rue de la Victoire. 75009 PARIS\r\n76, Rue de la Victoire', '75009', 'Paris', '0155501515', '', '', 'False', 'True'),
(151, 'Groupe Pasteur Mutualité', '34 Bd de Courcelles', '75017', 'Paris', '', '', '', 'False', 'True'),
(152, 'MENARINI', '1 Rue du Jura', '94150', 'Rungis SILIC', '', '', '', 'False', 'True'),
(153, 'KRYS', 'Avenue de Paris', '78550', 'Bazainville', '', '', '', 'False', 'True'),
(154, 'BCP MILLENIUM', '', '', '', '', '', '', 'False', 'True'),
(155, 'Credit Foncier de France', '10 Rue Aristide Briand', '10000', 'Troyes', '', '', '', 'False', 'True'),
(156, 'BP2I', '59 rue de la République.', '93100', 'Montreuil', '', '', '', 'False', 'True'),
(157, 'SSP France', 'Rue du Tiroir', '', '', '', '', '', 'False', 'True'),
(158, 'Veolia Nantes', '6 rue Nathalie SARRAUTE', '44025', ' 44205 Nantes Cedex 9', '', '', '', 'False', 'True'),
(159, 'Veolia Lyon', '2-4 avenue des Canuts', '69120', 'Vaulx-en-Velin', '', '', '', 'False', 'True'),
(160, 'Veolia Marseille', '1, Rue Albert Cohen', '13016', 'Marseille', '', '', '', 'False', 'True'),
(161, 'Veolia Nice', '12 Boulevard René Cassin', '06200', 'Nice', '', '', '', 'False', 'True'),
(162, 'Veolia Rouen', '5, rue Montaigne', '', 'Rouen', '', '', '', 'False', 'True'),
(163, 'Veolia Toulouse', '22 avenue Marcel Dassault', '31506', 'Toulouse', '', '', '', 'False', 'True'),
(164, 'Mutuelle Architectes Français', '	9, rue de l\'Amiral Hamelin', '75016', 'Paris', '', '', '', 'False', 'True'),
(165, 'BRED', '93 avenue général de Gaulle', '94000', 'Creteil', '', '', '', 'False', 'True'),
(166, 'Veolia Metz', ' 103 Rue aux Arènes', '57000', 'Metz', '', '', '', 'False', 'True'),
(167, 'Rexel', '17 rue Louis Guérin', '69100', 'Villeurbanne', '', '', '', 'False', 'True'),
(168, 'Allianz', 'Tour Franklin terrasse Boieldieu la defense 8', '', '', '', '', '', 'False', 'True'),
(169, 'France TV', '18 Rue Florian Delbarre', '75015', 'Paris', '', '', '', 'False', 'True'),
(170, 'Elior', '62/69 Rue de Bercy', '75012', 'Paris', '', '', '', 'False', 'True'),
(171, 'Gras Savoye', '33,34 Quai de Dion-Bouton', '92814', ' Puteaux', '', '', '', 'False', 'True'),
(172, 'Veolia Rennes', '', '', '', '', '', '', 'False', 'True'),
(173, 'Groupama', '', '', '', '', '', '', 'False', 'True'),
(174, 'RTE', '41 Rue Berthelot', '92411', 'Courbevoie', '', '', '', 'False', 'True'),
(175, 'Ecole Ferrières', 'Rue de la Rucherie', '77164', 'Ferrières en Brie', '', '', '', 'False', 'True'),
(176, 'Air 6', '1161 Avenue Jean Monnet', '13127', 'Vitrolles', '', '', '', 'True', 'False'),
(177, 'CIRAD', '', '75012', 'Paris', '', '', '', 'False', 'True'),
(178, 'Mairie 12 eme', '130 Avenue Daumesnil', '75012', 'Paris', '', '', '', 'False', 'True'),
(179, 'INOV Technologies', '11 rue Tronchet', '75008', 'Paris', '', '', '', 'True', 'False'),
(180, 'tttt', 'tt', 'tt', 'tttt', 'ttt', 'ttt', 'ttt', 'True', 'True'),
(181, 'te', 'te', NULL, NULL, '21', '321', 'te', 'False', 'False'),
(182, 'ghhgfhgfhgfhgfhgfhgf', '090999999', '09099009', 'HJKHKJHKJHKJHKJHKJHKJHKJHKJHKJH', '000000000', '000000000', '0909900000', 'False', 'True'),
(183, 'UJKJHKJHKJHKJH', 'HJGFJHGJHGJHG', '91360', 'HGJHGJHGJHGJHG', '0909099', '090909', 'KJKLJHKJJKH', 'False', 'False');

-- --------------------------------------------------------

--
-- Table structure for table `contacts`
--

DROP TABLE IF EXISTS `contacts`;
CREATE TABLE IF NOT EXISTS `contacts` (
  `con_id` smallint NOT NULL AUTO_INCREMENT,
  `cli_id` varchar(3) DEFAULT NULL,
  `con_nom` varchar(16) DEFAULT NULL,
  `con_prenom` varchar(15) DEFAULT NULL,
  `con_fonc` varchar(48) DEFAULT NULL,
  `con_tel` varchar(15) DEFAULT NULL,
  `con_port` varchar(14) DEFAULT NULL,
  `con_mail` varchar(47) DEFAULT NULL,
  `con_fax` varchar(14) DEFAULT NULL,
  PRIMARY KEY (`con_id`)
) ENGINE=InnoDB AUTO_INCREMENT=239 DEFAULT CHARSET=utf8mb4 COLLATE=utf8mb4_general_ci;

--
-- Dumping data for table `contacts`
--

INSERT INTO `contacts` (`con_id`, `cli_id`, `con_nom`, `con_prenom`, `con_fonc`, `con_tel`, `con_port`, `con_mail`, `con_fax`) VALUES
(1, '2', 'De Figueiredo', 'Jean-Claude', 'IT Supervisor', NULL, NULL, NULL, NULL),
(2, '3', 'PERNOT', 'Cyrille', 'Contact Client', NULL, '06 13 34 65 86', 'cyrille.pernot@econocom.com', NULL),
(3, '3', 'PERNOT', 'Cyrille', 'Contact Client', NULL, '06 13 34 65 86', 'cyrille.pernot@econocom.com', NULL),
(4, '4', 'DERY', 'Stéphanie', 'Ingénieur Commercial', '01 55 69 30 34', '07 61 55 61 88', 'stephanie@stimplus.com', '01 55 69 30 40'),
(5, '8', 'HANDTSCHEWERCKER', 'Arthur', 'Chet de projet', NULL, '0664089637', 'ahandtschoewercker@fr.scc.com', NULL),
(6, '9', 'ORIANNE', 'Jacques', 'Responsable de la facturation Clients', '0141283192', NULL, 'jorianne@osiatis.com', '0141283026'),
(7, '9', 'ORIANNE', 'Jacques', 'Responsable de la facturation Clients', '0141283192', NULL, 'jorianne@osiatis.com', '0141283026'),
(8, '10', 'FLEURY', 'Gilles', 'Directeur des Systèmes d\'information', '0157086600', '', '', '0157086674'),
(9, '11', 'BASTIDE', 'Lydie', NULL, '0149953834', NULL, 'lydie.bastide@groupe-arcade.com', NULL),
(10, '12', 'MACEIRA', 'Lucie', 'Assistante Cellule sous-traitance', '0141374125', '', 'lucie.maceira@neurones.net', ''),
(12, '14', 'BARBERI', 'Marc', '', '0614742075', '', ' m.barberi@institutdesoudure.com', ''),
(13, '14', 'BUZARE', 'Jean-Yves', '', '0149905152', '0620356741', 'jy.buzare@institutdesoudure.com', '0149903650'),
(14, '15', 'LE FUR', 'Gilles', '', '', '0680888529', 'glefur@osiatis.fr', ''),
(15, '16', 'DE FIGUEIREDO', 'Jean-Claude', 'Superviseur IT', '0145602500', '', 'jeanclaude.defigueiredo@abbott.com', '0145601423'),
(17, '23', 'SCHOLLY', 'Karine', 'Consultante', '0177376920', '0629270227', 'k.scholly@connectt.fr', ''),
(18, '27', 'RANCON', 'Dominique', '', '', '06 16 33 79 01', '', ''),
(19, '', 'ANTHOINE', 'Frédéric', 'Responsable Services IDF', '01 41 67  31 34', '06 13 33 33 77', 'frederic.anthoine@ecs-group.com', ''),
(20, '3', 'PERNOT', 'Cyrille', 'Contact Client', NULL, '06 13 34 65 86', 'cyrille.pernot@econocom.com', NULL),
(21, '3', 'PERNOT', 'Cyrille', 'Contact Client', NULL, '06 13 34 65 86', 'cyrille.pernot@econocom.com', NULL),
(22, '11', 'BASTIDE', 'Lydie', NULL, '0149953834', NULL, 'lydie.bastide@groupe-arcade.com', NULL),
(23, '11', 'BASTIDE', 'Lydie', NULL, '0149953834', NULL, 'lydie.bastide@groupe-arcade.com', NULL),
(24, '27', 'JONDET', 'Daniel', 'Directeur Infrastructure & support', '0158383627', '0625180711', 'djondet@generali.fr', '0158382996'),
(25, '27', 'ZEGHERS', 'Franck', 'Manager de département', '0158341155', '', 'fzeghers@generali.fr', '0158382996'),
(26, '27', 'CLEMENT', 'Marc', 'Acheteur Prestations Intellectuelles', '33158384095', '', 'melement@generali.fr', '33158384119'),
(27, '27', 'LEMITRE', 'Marie-Claude', '', '', '0612424897', '', ''),
(28, '27', 'STARK', 'Francis', '', '01 58 34 1247', '0617255707', 'fstark@generali.fr', ''),
(30, '42', 'AIMON', 'Jean-Christian', 'Service Delivery Manager', '', '0673312161', 'jaimon@helpline.fr', ''),
(31, '42', 'MALVA', 'Virginie', 'Responsable Sous-Traitance', '0141377024', '0141377001', 'vmalva@helpline.fr', ''),
(32, '42', '', '', '', '', '', '', ''),
(33, '12', 'HALLOUET', 'Jean-François', 'Président-directeur général', '0141374136', '0685570956', 'jean-francois.hallouet@neurones.net', '0147244046'),
(34, '12', 'MERCIER', 'Marc-André', 'Ingénieur Commercial', '0141374174', '0698686964', 'marc-andre.mercier@neurones.net', '0147244046'),
(35, '12', 'HILL', 'Nicolas', 'Responsable de Secteur', '0141374189', '0662128032', 'nicolas.hill@neurones.net', ''),
(36, '41', 'MERIEN', 'Stéphane', 'Directeur clientèle', '', '0630097721', 'stephane.merien@econocom.com', ''),
(37, '43', 'BOUGET', 'Marc', 'Responsable Sécurité Informatique', '0130797653', '', 'marc.bouget@jcdecaux.fr', '0130791740'),
(38, '15', 'BOILEAU', 'Alexis', 'Manager', '33141283000', '33632920447', 'aboileau@osiatis.com', '33141283022'),
(39, '15', 'FRANCOIS', 'Jean-marc', 'Directeur des ventes', '0141283728', '0607981428', 'jmfrançois@osiatis.com', '0141283022'),
(40, '15', 'MONSEUR', 'Patrick', 'Directeur Infogérance Utilisateurs', '0141283331', '0614165636', 'pmonseur@osiatis.com', '0141283022'),
(41, '15', 'LE COZ', 'Jean-Jacques', 'Directrion Infogérance Utilisateurs', '', '0673769061', 'jjlecoz@osiatis.com', '0141283022'),
(42, '15', 'LEMOINE', 'Fabrice', 'Responsable de marché', '0141283094', '0660750837', '', '0141283451'),
(43, '15', 'BORFIGA', 'Philippe', 'Directeur exécutif', '0141283713', '0669101254', 'pborfiga@osiatis.com', '0141283451'),
(44, '15', 'LARGILLIER', 'Arnaud', 'Ingénieur commercial', '33141283028', '33683693201', 'alargillier@osiatis.com', '33141283251'),
(45, '8', 'HANDTSCHEWERCKER', 'Arthur', 'Chet de projet', NULL, '0664089637', 'ahandtschoewercker@fr.scc.com', NULL),
(46, '8', 'HANDTSCHEWERCKER', 'Arthur', 'Chet de projet', NULL, '0664089637', 'ahandtschoewercker@fr.scc.com', NULL),
(47, '8', 'HANDTSCHEWERCKER', 'Arthur', 'Chet de projet', NULL, '0664089637', 'ahandtschoewercker@fr.scc.com', NULL),
(48, '8', 'HANDTSCHEWERCKER', 'Arthur', 'Chet de projet', NULL, '0664089637', 'ahandtschoewercker@fr.scc.com', NULL),
(49, '8', 'HANDTSCHEWERCKER', 'Arthur', 'Chet de projet', NULL, '0664089637', 'ahandtschoewercker@fr.scc.com', NULL),
(50, '44', 'DEMEOCQ', 'Philippe', 'Chef du service support IT', '0147782571', '', 'pdemeocq@technip.com', '0147783090'),
(51, '45', 'MOUNTHAULT', 'Tam\'Sy', 'Responsable Informatique', '0141328356', '0609331979', 'tmsy.mounthault@eiffage.com', '0141328070'),
(52, '43', 'SAUQUE', 'Bruno', '', '', '0660360407', '', ''),
(53, '8', 'HANDTSCHEWERCKER', 'Arthur', 'Chet de projet', NULL, '0664089637', 'ahandtschoewercker@fr.scc.com', NULL),
(54, '51', 'MALEBE', 'Minkoko', 'Gérant', '', '0624457223', 'mmalebe@marcyanis.com', ''),
(55, '4', 'DERY', 'Stéphanie', 'Ingénieur Commercial', '01 55 69 30 34', '07 61 55 61 88', 'stephanie@stimplus.com', '01 55 69 30 40'),
(56, '16', 'DASAEDELEER', 'Rudy', 'responsable Belgique', '3227141497', '', '', ''),
(57, '62', 'NAHI', 'Hassane', '', '', '', '', ''),
(58, '60', 'PELAY', 'Boris', '', '', '', 'bpelay@figarocms.fr', ''),
(59, '66', 'Communie', 'Emmanuel', '', '', '', '', ''),
(60, '67', 'Quetard', 'Jérôme', '', '', '', '', ''),
(61, '27', 'DHANARAJU', 'Touyane', 'Service Utilisateur - Service Desk', '01 58 38 69 76', '', 'TDHANARAJU@externe.generali.fr', ''),
(62, '68', 'Quetard', 'Jérôme', '', '', '', '', ''),
(63, '2', 'De Figueiredo', 'Jean-Claude', 'IT Supervisor', NULL, NULL, NULL, NULL),
(64, '40', 'Laffargue', 'Jean-Christophe', 'IT Officer', '01 47 69 64 85', '', 'Jean-Christophe.LAFFARGUE@ascom.fr', ''),
(65, '69', 'YORA', 'Jamal', '', '', '', '', ''),
(66, '70', 'Selvais', 'Fréderic', 'Team manager south europe', '', '06 83 52 43 88', '', ''),
(67, '71', 'BIRGER', 'Robrecht', '', '', '', '', ''),
(68, '72', 'DERY', 'Stéphanie', 'Stim Plus', '', '', '', ''),
(69, '47', 'Lacassagne', 'Monsieur', '', '', '0684480941', '', ''),
(70, '27', 'THERY', 'Olivier', '', '0158383073', '', '', ''),
(71, '73', 'CHOI', 'Eric', '', '', '', '', ''),
(72, '41', 'COURTOIS', 'Fabienne', 'assistante achat', '01 41 67 36 60', '', 'Fabienne.COURTOIS@Econocom.com', ''),
(73, '41', 'PERNOT', 'Cyrille', '', '', '', 'cyrille.pernot@econocom.com', ''),
(74, '73', 'BA', 'Majhmoute', 'Helpdesk teamleader', '01 45 24 83 47', '06 30 10 63 70', 'Majhmoute.BA@oecd.org', '01 45 24 19 51'),
(75, '74', 'Taleb', 'Lucie', '', '', '', '', ''),
(76, '75', 'DOVAN', 'Fred', '', '', '', '', ''),
(77, '41', 'SINOPOLI', 'Alberto', 'Chef de projet', '', '0614812659', 'alberto.sinopoli@econocom.com', ''),
(78, '76', 'Zaoui', 'Dan', '', '', '', '', ''),
(79, '78', 'WARGNIES', 'Nicolas', '', '', '', '', ''),
(80, '79', 'PERNOT', 'Cyrille', '', '', '', '', ''),
(81, '80', 'QUETARD', 'Jérôme', '', '', '', '', ''),
(82, '81', 'LEONE', 'Fabrice', 'coordinateur technique', '0184227848', '0651603279', 'fleone-osiatis@rfi.fr', ''),
(83, '82', 'dzaoui', 'Soft1234', '', '', '', '', ''),
(84, '48', 'TALEB', 'Lucie', '', '', '', '', ''),
(85, '85', 'SCOLA', 'Samira', 'Resp Osiatis Desk chez Elancourt', '0173170079', '0685077090', 'sscola@osiatis.com', ''),
(86, '85', 'DOTTE', 'Christophe', '', '', '', 'christophe.dotte@external.thalesgroup.com', ''),
(87, '86', 'GUEHOUN', 'Franck', '', '', '', 'guehoun.pro@gmail.com', ''),
(88, '87', 'TREMET', 'Sylvain', '', '', '06 72 79 06 23', '', ''),
(89, '9', 'ORIANNE', 'Jacques', 'Responsable de la facturation Clients', '0141283192', NULL, 'jorianne@osiatis.com', '0141283026'),
(90, '55', 'MORE', 'Thomas', '', '', '06 19 06 24 42', '', ''),
(91, '88', 'BOILEAU', 'Alexis', '', '', '', '', ''),
(92, '90', 'VINCENT', 'Charlotte', '', '0144701883', '0660228081', '', ''),
(93, '91', 'Vincent', 'Charlotte', 'recrutement informatique', '0144701883', '0660228081', 'c.vincent@tertialis.fr', '0142942273'),
(94, '92', 'VINCENT', 'Charlotte', 'recrutement informatique', '0144701883', '0660228081', 'c.vincent@tertialis.fr', '0142942273'),
(95, '8', 'HANDTSCHEWERCKER', 'Arthur', 'Chet de projet', NULL, '0664089637', 'ahandtschoewercker@fr.scc.com', NULL),
(96, '93', 'GOUJON', 'Philippe', 'chef de projet', '', '0603173705', 'philippe.goujon@consortnt.fr', ''),
(97, '66', 'ROISSET', 'Alexis', '', '01 57 08 66 55', '', 'aroisset@lefigaro.fr', ''),
(98, '94', 'RENARD', 'Olivier', 'Chef de projet', '0157754128', '0778075500', 'olivier.a.renard-prestataire@labanquepostale.fr', ''),
(99, '95', 'VEZIER', 'Tony', '', '', '0672748363', 'contact@effor.fr', ''),
(100, '96', 'BACVANSKI', 'Milan', 'Ressource Manager', '01 41 28 00 00', '0674286868', 'milan.bacvanski@econocom-osiatis.com', ''),
(101, '96', 'KINDLER', 'Charles-Henri', 'directeur d\'agence', '', '0627677613', 'ckindler@osiatis.com', ''),
(102, '96', 'CRESSON', 'Jean-François', 'responsable opérationnel', '', '0685144894', 'jfcresson@osiatis.com', ''),
(103, '96', 'LOHU', 'Philippe', 'ressource manager', '', '0611840486', 'plohu@osiatis.com', ''),
(104, '96', 'DOREMUS', 'Maryline', 'assistante commandes', '0141283789', '', 'maryline.doremus@econocom-osiatis.com', ''),
(105, '96', 'BIOCCO', 'Gilles', 'Ressource manager', '', '0629256297', 'gilles.biocco@econocom-osiatis.com', ''),
(106, '96', 'PERNOT', 'Cyrille', 'ressource manager', '', '0613346585', 'cyrille.pernot@econocom-osiatis.com', ''),
(107, '96', 'CAFOURNELLE', 'Gilles', 'ressource manager BU', '', '0614904710', 'gilles.cafournelle@econocom-osiatis.com', ''),
(108, '96', 'COURTOIS', 'Fabienne', '', '01 41 67 36 60', '', 'fabienne.courtois@econocom-osiatis.com', ''),
(109, '96', 'BOILEAU', 'Alexis', 'Chef de projet', '0141283000', '0632920447', 'alexis.boileau@econocom-osiatis.com', ''),
(110, '96', 'QUEGUINER', 'Eric', '', '', '0688182367', 'eric.queguiener@econocom-osiatis.com', ''),
(111, '96', 'SCOLA', 'Samira', 'Chef de projet Thalès', '0173170079', '0685077090', 'samira.scola@external.thalesgroup.com', ''),
(112, '96', 'BODET', 'Paul', 'chef de projet Dior', '0141281526', '0615514983', 'paul.bodet@econocom-osiatis.com', ''),
(113, '96', 'IDABDERRAHMANE', 'Yassine', 'manager Sodexo', '', '0603091358', 'yassine.idabderrahmane@econocom-osiatis.com.com', ''),
(114, '96', 'LAMESCH', 'Aurélie', 'Chef de projet', '0141281423', '0613683944', '', ''),
(115, '96', 'HINFRAY', 'Julien', 'Resp support prox LBP', '0157756073', '0624854343', 'julien.hinfray-prestataire@labanquepostale.fr', ''),
(116, '97', 'LAMESCH', 'Aurélie', '', '', '', '', ''),
(117, '98', 'PIERRE', 'Benoit', 'Resp. Serveur Réseaux', '', '0670014843', 'b.pierre@free.fr', ''),
(118, '96', 'GOURLET', 'Baptiste', 'Manager DIOR', '', '0642943638', 'baptiste.gourlet@econocom-osiatis.com', ''),
(119, '99', 'Bodet', 'Paul', 'Manager', '', '', '', ''),
(120, '96', 'CHANTREAU', 'Isabelle', 'Responsable Crédit Agricole', '0157725800', '0612591093', 'isabelle.chantreau_osiatis@ca-caagis.fr', ''),
(121, '100', 'MARCIANO', 'Laura', 'consultante IT', '0144769004', '', 'l.marciano@kobaltt.com', ''),
(122, '101', 'BISMUTH', 'XXX', '', '0144747777', '', '', ''),
(123, '96', 'FOURNIER', 'Hervé', 'Manager Marsh', '', '0778075487', 'herve.fournier@econocom-osiatis.com', ''),
(124, '102', 'COURTOIS', 'Fabienne', '', '', '', '', ''),
(125, '96', 'DOCOUTO', 'Eric', 'Manager DIOR', '', '0627940295', '', ''),
(126, '96', 'D\'HAUTEFEUILLE', 'Flore', 'Ministère du travail/ Bull', '0141673782', '', 'flore.dhautefeuille@econocom.com', '0141673100'),
(127, '96', 'ROMAND', 'Agnes', 'Gras Savoye/ Acoss', '0141673564', '', 'agnes.romand@econocom.com', ''),
(128, '103', 'CARASSO', 'Julie', '', '', '', '', ''),
(129, '103', 'GUIGNARD', 'Olivier', '', '', '', '', ''),
(130, '104', 'LOHU', 'Philippe', '', '', '', '', ''),
(131, '105', 'LEONE', 'Fabrice', '', '0184227848', '0651603279', 'fleone-osiatis@rfi.fr', ''),
(132, '106', 'PERNOT', 'Cyrille', '', '', '', '', ''),
(133, '96', 'COUFFIN', 'Stéphane', 'Manager IPSEN', '', '0679771302', 'stephane.couffin@econocom-osiatis.com', ''),
(134, '107', 'Couffin', 'Stéphane', '', '', '', '', ''),
(135, '108', 'HENRIET', 'Yves', '', '', '0614169505', '', ''),
(136, '109', 'LOHU', 'Philippe', '', '', '', '', ''),
(137, '96', 'RAYEZ', 'Renaud', 'DSI Gras Savoye', '0141435918', '0607364005', 'renaud.rayez.prestataire@grassavoye.com', ''),
(138, '110', 'Rayez', 'Renaud', '', '', '', '', ''),
(139, '96', 'LAURENT', 'Nicolas', '', '0169183004', '0672288983', '', ''),
(140, '111', 'LOHU', 'Philippe', '', '', '', '', ''),
(141, '112', 'QUEGUINER', 'Eric', '', '', '', '', ''),
(142, '113', 'Bacvansky', 'Milan', '', '', '', '', ''),
(143, '96', 'VILLAUD SCHNEE', 'Marie-Morgane', 'Chef de projet', '', '0681815886', 'MVILLAUDSCHNEE_EXT@christiandior.fr', ''),
(144, '114', 'CARDEIRA', 'Daniel', '', '', '', '', ''),
(145, '115', 'D\'Hautefeuille', 'Flore', '', '', '', '', ''),
(146, '12', 'KLING', 'Caroline', '', '0141374162', '0761870451', '', ''),
(147, '116', 'HENOCQUE', 'Philippe', 'Responsable Commercial', '', '', '', ''),
(148, '96', 'FLEURY', 'Laurent', '', '', '0611840182', 'laurent.fleury@econocom-osiatis.com', ''),
(149, '117', 'Fleury', 'Laurent', '', '', '', '', ''),
(150, '4', 'DERY', 'Stéphanie', 'Ingénieur Commercial', '01 55 69 30 34', '07 61 55 61 88', 'stephanie@stimplus.com', '01 55 69 30 40'),
(151, '118', 'DELAIRE', 'Nicolas', 'Responsable sys et res', '', '', 'nicolas.delaire@ftv-publicite.fr', ''),
(152, '119', 'SASS', 'Sébastien', '', '', '', '', ''),
(153, '96', 'LEONE', 'Fabrice', 'Manager RFI', '0184227848', '0651603279', 'fleone@osiatis@rfi.fr', ''),
(154, '120', 'XXX', 'XXX', '', '', '', '', ''),
(155, '121', 'XXX', 'XXX', '', '', '', '', ''),
(156, '122', 'PLOUHINEC', 'Alain', 'Directeur prod Resp Datacenter', '0143476670', '', 'alain.plouhinec@paris.fr', ''),
(157, '122', 'RAS', 'Eric', 'Dir Informatique Infra', '0143476249', '', 'eric.ras@paris.fr', ''),
(158, '122', 'LEONI', 'Jean-Fabrice', 'Directeur poste de travail', '0143476849', '', 'jean-fabrice.leoni@paris.fr', ''),
(159, '96', 'VEERAPEN', 'Kreshen', '', '', '0628707318', '', ''),
(160, '123', 'MARZIANO', 'Marie Pierre', 'ROC Osiatis', '', '', '', ''),
(161, '124', 'MARZIANO', 'Marie Pierre', 'ROC Osiatis', '', '', '', ''),
(162, '125', 'FLEURY', 'Laurent', '', '', '', '', ''),
(163, '126', 'BENNOUR', 'Mustapha', 'Administrateur sys & res', '0153438483', '', '', '0153438484'),
(164, '127', 'Lamesch', 'Aurélie', '', '', '', '', ''),
(165, '128', 'De Laitre', 'Frederic', 'DSI', '', '0642499809', 'frederic.delaitre@sacm.fr', ''),
(166, '128', 'Communie', 'Emmanuel', 'DSI', '', '', '', ''),
(167, '129', 'Boileau', 'Alexis', '', '', '', '', ''),
(168, '130', 'HUBERT', 'Thomas', 'Consultant système', '', '0650290910', 'th@tcsystemit.com', ''),
(169, '130', 'B.', 'C.', 'associé', '', '0668515965', 'cb@tcsystemit.com', ''),
(170, '131', 'MACEIRA', 'Lucie', '', '', '', '', ''),
(171, '132', 'MACEIRA', 'Lucie', '', '', '', '', ''),
(172, '133', 'LEHI-BLE', 'Anderson', 'IT Support', '0130866639', '0628700474', 'anderson.lehi-ble@donaldson.com', '0130869917'),
(173, '134', 'taleb', 'Lucie', '', '', '', '', ''),
(174, '135', 'MALVA', 'Virginie', '', '', '', '', ''),
(175, '136', 'BRAMI', 'David', '', '', '', '', ''),
(176, '92', 'REBOLLO', 'Gilles', '', '0144701882', '0658365759', 'g.rebollo@tertialis.fr', '0142942273'),
(177, '92', 'SAVATMOUGKHOUNE', 'Anoukone', 'Chargé Recrutement IT', '0144701881', '', 's.anoukone@tertialis.fr', '0142942273'),
(178, '139', 'DERVILLE', 'Arnaud', '', '', '', '', ''),
(179, '12', 'Paillard', 'Charlotte', 'Ingénieur d\'Affaires', '01 41 37 41 97', '06 59 78 81 67', 'Charlotte.Paillard@neurones.net', '01 47 24 40 46'),
(180, '14', 'Cachon', 'Pascal', '', '', '', '', ''),
(181, '141', 'LOHU', 'Philippe', 'manager', '', '', '', ''),
(182, '140', 'Chantreau', 'Isabelle', '', '', '', '', ''),
(183, '138', 'Taleb', 'Lucie', '', '', '', '', ''),
(184, '142', 'Selvais', 'Fréderic', 'team manager', '', '0683 52 43 88', '', ''),
(185, '1', 'Zaoui', 'Dan', '', '', '', '', ''),
(186, '129', 'A', 'Olivier', '', '', '07 78 07 55 00', '', ''),
(187, '88', 'Isabelle', 'Chantreau', '', '', '0612591093', '', ''),
(188, '143', 'SIMON', 'Alexis S', 'Manager', '', '', '', ''),
(189, '144', 'TALEB', 'LUCIE', '', '', '', '', ''),
(190, '145', 'Guillemot', 'Henri', '', '', '01 53 76 88 39', '', ''),
(191, '146', 'quetard', 'jerome', '', '', '', '', ''),
(192, '147', 'Taleb', 'Lucie', '', '', '', '', ''),
(193, '148', 'Quetard', 'Jerome', '', '', '', '', ''),
(194, '149', ' DESSAINTS', 'Denis', 'Chef Projet', '', '01 58 46 96 98', '', ''),
(195, '150', ' Darche', 'David', '', '', '01 55 50 22 63', '', ''),
(196, '150', 'Donineau', 'Patrice', '', '', '01 55 50 22 63', '', ''),
(197, '151', 'SOW', ' Ibrahima', '', '01 40 54 54 12', '', '', ''),
(198, '8', 'HANDTSCHEWERCKER', 'Arthur', 'Chet de projet', NULL, '0664089637', 'ahandtschoewercker@fr.scc.com', NULL),
(199, '152', 'LELOUP', 'Hervé', 'IT and General Services Manager', '01 45 60 77 20', '', '', ''),
(200, '153', 'DELAERE', 'Bernard', 'Directeur Support', '', '06 77 04 48 88', 'bernard.delaere@krys-group.com', ''),
(201, '155', 'Taleb', 'Lucie', '', '', '', '', ''),
(202, '63', 'QUETARD', 'JEROME', '', '', '', '', ''),
(203, '156', 'TALEB', 'Lucie', '', '', '', '', ''),
(204, '157', 'TALEB', 'Lucie', '', '', '', '', ''),
(205, '96', 'CHERVET', 'romain', 'Ingénieur d\'affaires', '', '0671016409', 'romain.chervet@econocom-osiatis.com', ''),
(206, '158', ' BERTHY', 'Philippe', '', '02 23 48 01 13', '06 11 29 40 80', 'philippe.berthy@veolia.com', ''),
(207, '158', 'MERIAUX', 'Christian', 'Directeur des Systèmes d’Information', '02 23 48 00 27', '06 18 39 46 24', 'christian.meriaux@veolia.com', ''),
(208, '159', 'SICILIANO', 'Ghislaine', 'Service Informatique', '', '06 03 98 54 37', 'ghislaine.siciliano@veolia.com', ''),
(209, '160', 'BRIARD', 'Philippe', '', '04.92.29.85.20', '06.11.13.16.88', 'philippe.briard2@veolia.com', ''),
(210, '161', 'BRIARD', 'Philippe', '', '04.92.29.85.20', '06.11.13.16.88', 'philippe.briard2@veolia.com', ''),
(211, '162', 'Dezelus', 'Jean Pierre', '', '', '06 12 36 11 22', 'j-pierre.dezelus@veolia.com', ''),
(212, '163', 'LAPORTE', 'Didier', 'Responsable SI Grand Ouest', '0561347815', '0603533271', 'didier.laporte@veolia.com', ''),
(213, '164', 'HAUTEUR', 'Stéphane', '', '', '', '', ''),
(214, '162', 'Julie', 'Christian', '', '', '06 11 43 29 74', 'christian.julie@veolia.com', ''),
(215, '96', 'BELLET', 'Lise', 'Ressource Manager', '', '06 16 43 62 96', 'lise.belllet@econocom-osiatis.com', ''),
(216, '96', 'Cresson', 'Jean François', '', '', '', 'jean-francois.cresson@econocom-osiatis.com', ''),
(217, '165', 'Backvanski', 'Milan', '', '', '', '', ''),
(218, '166', 'GAZUT', 'Laurent', 'Responsable', '0387183420', '0610660649', 'laurent.gazut@veolia.com', ''),
(219, '167', 'CHERON', 'Francois', '', '', '', '', ''),
(220, '168', 'TALEB', 'Lucie', '', '', '', '', ''),
(221, '169', 'Meunier', 'Fabrice', 'Manager', '', '06 75 64 44 74', '', ''),
(222, '170', 'Taleb', 'Lucie', '', '', '', '', ''),
(223, '171', 'RAYEZ', 'Renaud', '', '', '06 07 36 40 05', '', ''),
(224, '172', 'MERIAUX', 'Christian', '', '', '', '', ''),
(225, '172', 'BERTHY', 'Philippe', '', '', '', '', ''),
(226, '161', 'GRANET', 'Jean Marie', 'Responsable Eau Méditarranée', '0467207494', '0611762378', 'jean-marie.granet@veolia.com', ''),
(227, '173', 'TALEB', 'Lucie', '', '', '', '', ''),
(228, '174', 'SITRUK', 'Frédéric', 'Manager des Opérations', '', '06 24 88 70 77', 'frederic.sitruk@econocom.com', ''),
(229, '175', 'ALAMEDDIN', 'M.', '', '', '', '', ''),
(230, '176', 'Tremellat', 'Fréderic', '', '', '', '', ''),
(231, '177', 'Backvanski', 'Milan', '', '', '', '', ''),
(232, '178', 'LE FUR', 'Gilles', 'Manager Opérations', '', '0680588529', 'gilles.lefur@econocom.com', ''),
(233, '178', 'LEMOINE', 'Fabrice', '', '', '', 'fabrice.lemoine@econocom.com', ''),
(234, '179', 'MOELLI MOEZ', 'Ben', '', '', '06 64 61 44 06', 'mbenmoelli@inov-tech.fr', ''),
(235, '180', 'tt', 'ttt', 'ttt', 'tt', 'ttt', 'tt', 'ttt'),
(236, '181', NULL, NULL, NULL, NULL, NULL, NULL, NULL),
(237, '182', 'ROMAIN', 'ROMAIN', 'PRESIDENT', NULL, NULL, 'OKOKOK@NJJH', NULL),
(238, '183', 'REMY', 'REMY', 'PRESIDENT', NULL, NULL, '.?JN.?N@GMAIL', NULL);

-- --------------------------------------------------------

--
-- Table structure for table `cv_clients`
--

DROP TABLE IF EXISTS `cv_clients`;
CREATE TABLE IF NOT EXISTS `cv_clients` (
  `id_cv` smallint NOT NULL,
  `id_client` int NOT NULL,
  `insert_auto` varchar(5) DEFAULT NULL
) ENGINE=InnoDB DEFAULT CHARSET=utf8mb4 COLLATE=utf8mb4_general_ci;

--
-- Dumping data for table `cv_clients`
--

INSERT INTO `cv_clients` (`id_cv`, `id_client`, `insert_auto`) VALUES
(7, 4, 'False'),
(6, 10, 'False');

-- --------------------------------------------------------

--
-- Table structure for table `cv_envs`
--

DROP TABLE IF EXISTS `cv_envs`;
CREATE TABLE IF NOT EXISTS `cv_envs` (
  `id_cv` smallint DEFAULT NULL,
  `id_env` tinyint DEFAULT NULL
) ENGINE=InnoDB DEFAULT CHARSET=utf8mb4 COLLATE=utf8mb4_general_ci;

--
-- Dumping data for table `cv_envs`
--

INSERT INTO `cv_envs` (`id_cv`, `id_env`) VALUES
(7, 2),
(7, 4),
(6, 1),
(6, 2),
(6, 3);

-- --------------------------------------------------------

--
-- Table structure for table `cv_langues`
--

DROP TABLE IF EXISTS `cv_langues`;
CREATE TABLE IF NOT EXISTS `cv_langues` (
  `id_cv` smallint DEFAULT NULL,
  `id_langue` tinyint DEFAULT NULL,
  `level` varchar(9) DEFAULT NULL
) ENGINE=InnoDB DEFAULT CHARSET=utf8mb4 COLLATE=utf8mb4_general_ci;

--
-- Dumping data for table `cv_langues`
--

INSERT INTO `cv_langues` (`id_cv`, `id_langue`, `level`) VALUES
(7, 3, 'Technique'),
(6, 1, 'Technique'),
(6, 3, 'Technique');

-- --------------------------------------------------------

--
-- Table structure for table `cv_lgprogs`
--

DROP TABLE IF EXISTS `cv_lgprogs`;
CREATE TABLE IF NOT EXISTS `cv_lgprogs` (
  `id_cv` smallint DEFAULT NULL,
  `id_lgprog` tinyint DEFAULT NULL
) ENGINE=InnoDB DEFAULT CHARSET=utf8mb4 COLLATE=utf8mb4_general_ci;

--
-- Dumping data for table `cv_lgprogs`
--

INSERT INTO `cv_lgprogs` (`id_cv`, `id_lgprog`) VALUES
(7, 10),
(7, 11),
(6, 2),
(6, 7);

-- --------------------------------------------------------

--
-- Table structure for table `cv_list`
--

DROP TABLE IF EXISTS `cv_list`;
CREATE TABLE IF NOT EXISTS `cv_list` (
  `id_cv` int NOT NULL,
  `cv_nom` varchar(255) CHARACTER SET utf8mb4 COLLATE utf8mb4_general_ci DEFAULT NULL,
  `cv_prenom` varchar(255) CHARACTER SET utf8mb4 COLLATE utf8mb4_general_ci DEFAULT NULL,
  `cv_lien` varchar(255) CHARACTER SET utf8mb4 COLLATE utf8mb4_general_ci DEFAULT NULL,
  `cv_adresse` varchar(255) CHARACTER SET utf8mb4 COLLATE utf8mb4_general_ci DEFAULT NULL,
  `cv_loc` varchar(255) DEFAULT NULL,
  `cv_ville` varchar(255) CHARACTER SET utf8mb4 COLLATE utf8mb4_general_ci DEFAULT NULL,
  `cv_fix` varchar(255) CHARACTER SET utf8mb4 COLLATE utf8mb4_general_ci DEFAULT NULL,
  `cv_mob` varchar(255) CHARACTER SET utf8mb4 COLLATE utf8mb4_general_ci DEFAULT NULL,
  `cv_email` varchar(255) CHARACTER SET utf8mb4 COLLATE utf8mb4_general_ci DEFAULT NULL,
  `cv_emailsoft` varchar(255) CHARACTER SET utf8mb4 COLLATE utf8mb4_general_ci DEFAULT NULL,
  `id_statut` tinyint DEFAULT NULL,
  `id_fnr` tinyint DEFAULT NULL,
  `cv_com` varchar(255) CHARACTER SET utf8mb4 COLLATE utf8mb4_general_ci DEFAULT NULL,
  `tjm` tinyint DEFAULT NULL,
  `cjm` tinyint DEFAULT NULL,
  `id_xp` tinyint DEFAULT NULL,
  `cv_creation` varchar(255) CHARACTER SET utf8mb4 COLLATE utf8mb4_general_ci DEFAULT NULL,
  `cv_maj` varchar(255) CHARACTER SET utf8mb4 COLLATE utf8mb4_general_ci DEFAULT NULL,
  `cv_dispo` varchar(255) CHARACTER SET utf8mb4 COLLATE utf8mb4_general_ci DEFAULT NULL,
  `permisB` varchar(255) CHARACTER SET utf8mb4 COLLATE utf8mb4_general_ci DEFAULT NULL,
  `cv_ss` varchar(155) CHARACTER SET utf8mb4 COLLATE utf8mb4_general_ci DEFAULT NULL,
  `cv_naiss` varchar(255) CHARACTER SET utf8mb4 COLLATE utf8mb4_general_ci DEFAULT NULL,
  `cv_nat` varchar(255) CHARACTER SET utf8mb4 COLLATE utf8mb4_general_ci DEFAULT NULL,
  `cv_indispo` varchar(255) CHARACTER SET utf8mb4 COLLATE utf8mb4_general_ci DEFAULT NULL,
  `cv_comment` varchar(255) NOT NULL,
  UNIQUE KEY `id_cv` (`id_cv`)
) ENGINE=InnoDB DEFAULT CHARSET=utf8mb4 COLLATE=utf8mb4_general_ci;

--
-- Dumping data for table `cv_list`
--

INSERT INTO `cv_list` (`id_cv`, `cv_nom`, `cv_prenom`, `cv_lien`, `cv_adresse`, `cv_loc`, `cv_ville`, `cv_fix`, `cv_mob`, `cv_email`, `cv_emailsoft`, `id_statut`, `id_fnr`, `cv_com`, `tjm`, `cjm`, `id_xp`, `cv_creation`, `cv_maj`, `cv_dispo`, `permisB`, `cv_ss`, `cv_naiss`, `cv_nat`, `cv_indispo`, `cv_comment`) VALUES
(1, 'ZAOUI', 'Dan', '', '74 ter av. foch', '92250', 'La Garenne Colombes', '0147847324', '0671233771', 'dzaoui@yahoo.fr', 'dzaoui@softetservices.com', 6, 1, '01 72 61 30 20', 0, 0, 3, '2013-05-16 00:00:00', '2014-02-25 00:00:00', '', 'True', '156067511901633', '1956-04-22 00:00:00', 'Française', 'False', ''),
(2, 'TALEB', 'Lucie', '', '44 avenue Marcelin BERTHELOT', '92320', 'Chatillon', '', '0689302318', 'lucie.taleb@hotmail.fr', 'ltaleb@softetservices.com', 6, 1, '', 0, 0, 2, '2013-05-16 00:00:00', '2014-03-05 00:00:00', '', 'True', '286087851704080', '1986-08-23 00:00:00', '', 'False', ''),
(3, 'QUETARD', 'Jérôme', '', '74 ter av. foch', '92250', 'La Garenne Colombes', '', '0688083215', '', '', 6, 1, '', 0, 0, 3, '2013-05-16 00:00:00', '2013-12-23 00:00:00', '', 'True', '', '', '', 'False', ''),
(4, 'DUMINIL', 'Laurent', '', '74 ter av. foch', '92250', 'La Garenne Colombes', '', '', '', '', 6, 1, '', 0, 0, 3, '2013-05-16 00:00:00', '2014-02-24 00:00:00', '', 'True', '177089712016311', '', '', 'False', ''),
(6, 'teate111', 'fas111', NULL, '234dsafd11', '4324', 'fdsf', '2411', 'dsa', 'sdf', 'df@@fds', 1, 24, 'sdaf111', 2, 2, 2, '2022-11-12', '2022-11-25', NULL, 'True', '34111', '2022-11-24', 'sdaf', 'False', 'sfdsdafsdafdsafsdafafadsfcdfqfqf'),
(7, 'test new', 'test new prenom', NULL, 'test', 'fds', NULL, 'sdf', 'dfsa', 'df@fad', 'dsf@faadf', 3, 2, 'fsd', 32, 2, 2, '2022-11-11', '2022-11-12', NULL, 'True', '3422223', '2022-11-12', 'fsd', 'False', '');

-- --------------------------------------------------------

--
-- Table structure for table `cv_outils`
--

DROP TABLE IF EXISTS `cv_outils`;
CREATE TABLE IF NOT EXISTS `cv_outils` (
  `id_cv` smallint DEFAULT NULL,
  `id_outil` smallint DEFAULT NULL
) ENGINE=InnoDB DEFAULT CHARSET=utf8mb4 COLLATE=utf8mb4_general_ci;

--
-- Dumping data for table `cv_outils`
--

INSERT INTO `cv_outils` (`id_cv`, `id_outil`) VALUES
(7, 6),
(7, 7),
(6, 1);

-- --------------------------------------------------------

--
-- Table structure for table `cv_profils`
--

DROP TABLE IF EXISTS `cv_profils`;
CREATE TABLE IF NOT EXISTS `cv_profils` (
  `id_cv` smallint DEFAULT NULL,
  `id_profil` tinyint DEFAULT NULL
) ENGINE=InnoDB DEFAULT CHARSET=utf8mb4 COLLATE=utf8mb4_general_ci;

--
-- Dumping data for table `cv_profils`
--

INSERT INTO `cv_profils` (`id_cv`, `id_profil`) VALUES
(7, 4),
(7, 6),
(6, 1),
(6, 4),
(6, 6),
(6, 8),
(6, 9),
(6, 10),
(6, 11),
(6, 13),
(6, 14),
(6, 18),
(6, 20);

-- --------------------------------------------------------

--
-- Table structure for table `cv_tags`
--

DROP TABLE IF EXISTS `cv_tags`;
CREATE TABLE IF NOT EXISTS `cv_tags` (
  `id_cv` smallint DEFAULT NULL,
  `id_tag` tinyint DEFAULT NULL
) ENGINE=InnoDB DEFAULT CHARSET=utf8mb4 COLLATE=utf8mb4_general_ci;

--
-- Dumping data for table `cv_tags`
--

INSERT INTO `cv_tags` (`id_cv`, `id_tag`) VALUES
(7, 2),
(7, 3),
(7, 4),
(6, 3);

-- --------------------------------------------------------

--
-- Table structure for table `dde`
--

DROP TABLE IF EXISTS `dde`;
CREATE TABLE IF NOT EXISTS `dde` (
  `dde_id` tinyint NOT NULL AUTO_INCREMENT,
  `dde_ref` varchar(125) CHARACTER SET utf8mb4 COLLATE utf8mb4_general_ci DEFAULT NULL,
  `dde_date` varchar(194) CHARACTER SET utf8mb4 COLLATE utf8mb4_general_ci DEFAULT NULL,
  `dde_commercial` varchar(155) CHARACTER SET utf8mb4 COLLATE utf8mb4_general_ci DEFAULT NULL,
  `dde_clif` varchar(255) CHARACTER SET utf8mb4 COLLATE utf8mb4_general_ci DEFAULT NULL,
  `dde_clis` varchar(255) CHARACTER SET utf8mb4 COLLATE utf8mb4_general_ci DEFAULT NULL,
  `dde_contact` varchar(255) CHARACTER SET utf8mb4 COLLATE utf8mb4_general_ci DEFAULT NULL,
  `dde_nbpostes` varchar(255) CHARACTER SET utf8mb4 COLLATE utf8mb4_general_ci DEFAULT NULL,
  `dde_lieu` varchar(255) CHARACTER SET utf8mb4 COLLATE utf8mb4_general_ci DEFAULT NULL,
  `dde_mobilite` varchar(255) CHARACTER SET utf8mb4 COLLATE utf8mb4_general_ci DEFAULT NULL,
  `dde_profilrech` tinyint DEFAULT NULL,
  `dde_duree` varchar(255) CHARACTER SET utf8mb4 COLLATE utf8mb4_general_ci DEFAULT NULL,
  `dde_puv` varchar(255) CHARACTER SET utf8mb4 COLLATE utf8mb4_general_ci DEFAULT NULL,
  `dde_com` varchar(255) CHARACTER SET utf8mb4 COLLATE utf8mb4_general_ci DEFAULT NULL,
  `dde_date_ferm` varchar(255) CHARACTER SET utf8mb4 COLLATE utf8mb4_general_ci DEFAULT NULL,
  `dde_ferm_typ` varchar(255) CHARACTER SET utf8mb4 COLLATE utf8mb4_general_ci DEFAULT NULL,
  `dde_miss_id` varchar(255) CHARACTER SET utf8mb4 COLLATE utf8mb4_general_ci DEFAULT NULL,
  `dde_maj` varchar(255) CHARACTER SET utf8mb4 COLLATE utf8mb4_general_ci DEFAULT NULL,
  PRIMARY KEY (`dde_id`)
) ENGINE=InnoDB AUTO_INCREMENT=95 DEFAULT CHARSET=utf8mb4 COLLATE=utf8mb4_general_ci;

--
-- Dumping data for table `dde`
--

INSERT INTO `dde` (`dde_id`, `dde_ref`, `dde_date`, `dde_commercial`, `dde_clif`, `dde_clis`, `dde_contact`, `dde_nbpostes`, `dde_lieu`, `dde_mobilite`, `dde_profilrech`, `dde_duree`, `dde_puv`, `dde_com`, `dde_date_ferm`, `dde_ferm_typ`, `dde_miss_id`, `dde_maj`) VALUES
(5, 'LT2014092401', '2014-09-24 00:00:00', '2', '', '96', '100', '1', 'Pantin', 'False', 5, '', '', 'environnement du luxe\r\nconnaissance Lotus et un peu Mac', '2014-10-20 00:00:00', '4', '', '2014-09-29 00:00:00'),
(6, 'LT2014092402', '2014-09-24 00:00:00', '2', '', '96', '100', '1', 'toute la France', 'True', 6, '', '', 'Positionnement Damien CHENDRI', '2014-10-06 00:00:00', '1', '97', '2014-09-29 00:00:00'),
(15, 'LT2014092403', '2014-09-24 00:00:00', '2', '117', '96', '100', '1', 'Massy', 'False', 15, 'pré embauche', '', ' Management d\'équipe deploiment.', '2014-12-02 00:00:00', '4', '', '2014-09-29 00:00:00'),
(16, 'LT2014092404', '2014-09-24 00:00:00', '2', '99', '96', '100', '1', 'Paris 8', 'False', 16, '2 mois', '', '\r\nPrise de rdv avec des utilisateurs européens ( 8 pays, 24 sites, 150 postes)\r\nenvironnement luxe\r\nMigration w7', '2014-10-17 00:00:00', '4', '', '2014-09-29 00:00:00'),
(17, 'LT2014092405', '2014-09-24 00:00:00', '2', '', '96', '100', '4', 'Massy', 'False', 17, 'pré embauche', '', 'environnement vip.\r\nBac+2 validé avec moins de 30 ans', '2014-11-21 00:00:00', '4', '', '2014-10-20 00:00:00'),
(22, 'JQ2014092901', '2014-09-29 00:00:00', '3', '', '66', '59', '1', 'Paris', 'False', 22, 'longue durée', '', '', '2014-09-29 00:00:00', '4', '', '2014-09-29 00:00:00'),
(26, 'LT2014092901', '2014-09-29 00:00:00', '2', '', '96', '100', '1', 'Elancourt', 'False', 26, 'Embauche directe', '', '\r\n\r\nConnaissances : informatique, supervision \r\nHabilité ou habilitable CD ( confidentiel défense)\r\nbac+2 validé\r\nplage horaire : 24/7 en 3*8\r\nsalaire entre 21 et 23\r\nanglais lu et écrit', '2014-10-17 00:00:00', '4', '', '2014-09-29 00:00:00'),
(27, 'JQ2014092902', '2014-09-29 00:00:00', '3', '', '10', '8', '1', 'Paris', 'False', 27, 'mission longue', '', 'Connaissance de l’environnement Open source et Windows Serveur 2008 avec Exchange \r\nConnaissance de l’environnement Linux', '2014-10-23 00:00:00', '4', '', '2014-09-29 00:00:00'),
(28, 'JQ2014100601', '2014-10-06 00:00:00', '3', '', '', '', '1', 'Paris 15', 'False', 28, '1 / 2 semaines', '', '', '2014-10-17 00:00:00', '4', '', '2014-10-06 00:00:00'),
(29, 'LT2014100701', '2014-10-07 00:00:00', '2', '', '', '', '', '', 'False', 29, '', '', '', '2014-10-07 00:00:00', '4', '', '2014-10-07 00:00:00'),
(30, 'LT2014101301', '2014-10-13 00:00:00', '2', '', '8', '5', '1', 'Evry', 'False', 30, '12/2014', '', 'Suivie techniciens\r\nReporting quotidien\r\nSuivi et animation de réunion', '2014-12-02 00:00:00', '4', '', '2014-10-13 00:00:00'),
(31, 'LT2014101302', '2014-10-13 00:00:00', '2', '8', '8', '5', '1', 'IDF', 'False', 31, '3 mois renouvable', '', 'du déploiement des IPHONES et  être en contact avec les ADV . \r\nLister les utilisateurs?\r\nDéfinir les dates et lieux de déploiement \r\nInformer l’avancement du projet \r\nEnvironnement : Windows , office , Smartphone', '2014-11-03 00:00:00', '4', '', '2014-10-13 00:00:00'),
(32, 'JQ2014101301', '2014-10-13 00:00:00', '3', '', '12', '10', '1', 'Nanterre', 'False', 32, 'mission longue', '', 'bilingue.\r\nAccompagnement VIP très proche.', '2014-10-27 00:00:00', '4', '', '2014-10-17 00:00:00'),
(33, 'LT2014101303', '2014-10-13 00:00:00', '2', '', '8', '5', '1', 'Ivry sur seine', 'True', 33, '6 mois', '', 'fiche de poste', '2014-10-23 00:00:00', '4', '', '2014-10-13 00:00:00'),
(34, 'JQ2014101701', '2014-10-17 00:00:00', '3', '', '10', '8', '1', 'Paris', 'False', 34, 'longue', '', 'Adminstrateur ou Ingénieur Junior Open Sourvce de Microsoft serveur 2008/ exchange\r\nMicrosoft , version libre , version gratuite.\r\nLinux 40%\r\nMicrosoft 60%', '2014-11-03 00:00:00', '4', '', '2014-10-23 00:00:00'),
(38, 'LT2014102001', '2014-10-20 00:00:00', '2', '', '', '', '1', 'Evry', 'False', 38, '31/12/2014', '', 'Parametrage de tablettes et smartphones.\r\nPossibilité de reconduction', '2014-10-23 00:00:00', '3', '', '2014-10-20 00:00:00'),
(39, 'JQ2014102001', '2014-10-20 00:00:00', '3', '146', '', '', '3', 'gonesse', 'False', 39, 'longue', '', '2 années minimum d\'exp. Anglais technique . Tjm 165/170.', '2014-11-18 00:00:00', '4', '', '2014-10-27 00:00:00'),
(40, 'JQ2014102002', '2014-10-20 00:00:00', '3', '', '', '', '1', 'Nanterre', 'False', 40, 'mission longue', '', 'Familiarisé au enviromement VIP.\r\nExcelente présentation, bonne élocution.', '2014-11-21 00:00:00', '4', '', '2014-10-23 00:00:00'),
(41, 'LT2014102301', '2014-10-23 00:00:00', '2', '', '8', '5', '1', 'idf', 'False', 41, '12 mois', '', 'Assurer le support des équipes techniques, pour permettre le bon fonctionnement  des SI et être le référant d’un certain nombre de technologies présentes sur ces sites. Anglais et français courant', '2014-11-03 00:00:00', '4', '', '2014-10-23 00:00:00'),
(42, 'LT2014102302', '2014-10-23 00:00:00', '2', '', '', '', '1', 'Rueil Malmaison', 'False', 42, '31/12/2014', '', '2 à 3 ans d’expérience connaissant principalement Windows 2003 et 2008, l’AD, les réseaux IP, les SAN et les outils de backup. Il devra gérer l’administration de l’infra au quotidien.', '2014-11-03 00:00:00', '4', '', '2014-10-23 00:00:00'),
(43, 'LT2014102303', '2014-10-23 00:00:00', '2', '', '', '', '1', 'paris 15', 'False', 43, '5 semaines', '', 'Accompagner les utilisateurs dans le cadre de la migration office 2003 vers office 2013.\r\n	Expert sur les macros et sur l\'utilisation des animations power point\r\n	Bonne connaissance des suites Office', '2014-11-03 00:00:00', '4', '', '2014-10-23 00:00:00'),
(44, 'LT2014102304', '2014-10-23 00:00:00', '2', '', '', '', '1', 'Elancourt', 'False', 44, '12/12/2014', '', '', '2014-11-03 00:00:00', '4', '', '2014-10-23 00:00:00'),
(45, 'LT2014102305', '2014-10-23 00:00:00', '2', '', '', '', '1', 'clichy, la defense, ouen', 'False', 45, 'plusiers mois', '', '', '2014-11-03 00:00:00', '4', '', '2014-10-23 00:00:00'),
(46, 'LT2014102306', '2014-10-23 00:00:00', '2', '', '', '', '1', 'clichy, la defense,  st ouen', 'False', 46, 'plusiers mois', '', 'Profil coordinateur technique avec de l’expérience dans le domaine de la migration de PDT. donner un coup de main à ses techniciens en cas d’incident lié à la migration et maitriser toutes les tâches techniques liées à celle-ci.', '2014-11-03 00:00:00', '4', '', '2014-10-23 00:00:00'),
(52, 'LT2014110301', '2014-11-03 00:00:00', '2', '', '', '15', '1', 'Paris', 'False', 52, 'minimum 1 an', '', 'profil Support Bureautique N2, avec certification Microsoft Office comprenant l’ensemble des briques de la suite Office.', '2014-12-02 00:00:00', '4', '', '2014-11-03 00:00:00'),
(53, 'LT2014110302', '2014-11-03 00:00:00', '2', '96', '96', '100', '1', 'La Défense', 'False', 53, '1 an', '', 'Je recherche pour un Gestionnaire de stock (expérience de 2 ans minimum) pour une mission d’environ 1 an sur la Défense.\r\nLa connaissance de Jazz sera un plus.\r\n\r\nMerci de me faire parvenir CV et TJM.\r\n\r\nexpérience de 2 ans minimum', '2014-11-10 00:00:00', '4', '', '2014-11-03 00:00:00'),
(54, 'LT2014110303', '2014-11-03 00:00:00', '2', '147', '', '', '1', 'IDF', 'False', 54, '1 an', '', ' Assurer le support des équipes techniques, pour permettre le bon fonctionnement  des SI et être le référant d’un certain nombre de technologies \r\nprésentes sur ces sites.', '2014-12-02 00:00:00', '4', '', '2014-11-03 00:00:00'),
(55, 'JQ2014110601', '2014-11-06 00:00:00', '3', '146', '12', '10', '1', 'Gonesse', 'False', 55, '', '', '', '2014-11-18 00:00:00', '4', '', '2014-11-06 00:00:00'),
(56, 'JQ2014110602', '2014-11-06 00:00:00', '3', '147', '12', '10', '1', 'Montparnasse', 'False', 56, '3 à 6 mois', '', 'Un profil Ingénieur Windows pour compléter l’équipe et participer à divers projets internes.\r\n \r\nPérimètre demandé : Windows / Vmware / Symantec Antivirus / Exchange', '2014-11-18 00:00:00', '4', '', '2014-11-06 00:00:00'),
(58, 'LT2014111001', '2014-11-10 00:00:00', '2', '', '8', '5', '1', 'Paris 1', 'False', 58, '1 an', '', 'certification Microsoft Office comprenant les différentes briques de la suite Office serait appréciée.', '2014-11-18 00:00:00', '4', '', '2014-11-10 00:00:00'),
(63, 'LT2014111801', '2014-11-18 00:00:00', '2', '147', '', '', '1', 'Antony', 'False', 63, 'longue', '', 'fiche de poste', '2014-12-09 00:00:00', '4', '', '2014-11-18 00:00:00'),
(64, 'LT2014111802', '2014-11-18 00:00:00', '2', '', '', '', '1', 'Antony', 'False', 64, 'longue', '', 'fiche de poste', '2014-12-03 00:00:00', '4', '', '2014-11-18 00:00:00'),
(65, 'LT2014111803', '2014-11-18 00:00:00', '2', '', '', '', '1', 'Paris', 'False', 65, 'longue', '', ', prendre en charge la gestion opérationnelle d’une équipe. \r\nDévelopper des procédures pour identifier et résoudre les problèmes liés à la production des services informatiques.', '2014-12-02 00:00:00', '4', '', '2014-11-18 00:00:00'),
(67, 'JQ2014112601', '2014-11-26 00:00:00', '3', '14', '14', '12', '1', 'Villepinte', 'False', 67, 'longue', '', 'HD et proximité. Environement microsoft. Pas plus que 35 ans.  3 ans exp.', '2014-12-16 00:00:00', '4', '', '2014-11-26 00:00:00'),
(68, 'JQ2014112602', '2014-11-26 00:00:00', '3', '44', '44', '50', '', 'La défense', 'False', 68, 'longue', '', 'fiche de poste', '2014-12-02 00:00:00', '4', '', '2014-11-26 00:00:00'),
(69, 'LT2014112601', '2014-11-26 00:00:00', '2', '', '8', '5', '1', '92', 'False', 69, '1 mois', '', '', '2014-12-02 00:00:00', '4', '', '2014-11-26 00:00:00'),
(70, 'LT2014120301', '2014-12-03 00:00:00', '2', '94', '96', '100', '1', 'Paris', 'False', 70, 'longue', '', 'Saisie de données. Pas besoin de couche technique meme si préférable. tjm 170 max.', '2014-12-15 00:00:00', '4', '', '2014-12-03 00:00:00'),
(71, 'LT2014120302', '2014-12-03 00:00:00', '2', '', '96', '100', '1', 'Paris', 'False', 71, 'longue', '', 'technicien 2 ans exp, bilingue anglais, bonne présentation, bonne élocution.', '2015-01-12 00:00:00', '4', '', '2014-12-03 00:00:00'),
(73, 'LT2014120303', '2014-12-03 00:00:00', '2', '', '11', '9', '', 'Paris 9', 'False', 73, 'pré embauche', '1', 'Une personne orienté service client.\r\nEt qui a de la poigne.\r\nLe but est de remotiver l’équipe.\r\nIl y a beaucoup de coordination de projet\r\ntjm max. 250 euros.\r\nJe n\'ai pas de fiche de poste.', '2014-12-09 00:00:00', '4', '', '2014-12-03 00:00:00'),
(74, 'JQ2015011201', '2015-01-12 00:00:00', '3', '153', '153', '200', '3', 'bazainville', 'False', 74, 'cdd', '', 'Ne connaissant pas les applications métiers, les techniciens traiteront principalement les incidents \r\n-	De 9 h à 18.25 ou de 9.35 à 19h., 4 jours par semaine ( des fois le samedi)', '2015-04-28 00:00:00', '4', '', '2015-02-23 00:00:00'),
(75, 'LT2015011201', '2015-01-12 00:00:00', '2', '', '', '', '1', 'Kremlin Bicetre', 'False', 75, 'longue', '', 'fiche de profil', '2015-02-23 00:00:00', '4', '', '2015-01-12 00:00:00'),
(76, 'LT2015011202', '2015-01-12 00:00:00', '2', '', '96', '100', '1', 'neuilly sur seine', 'False', 76, 'longue', '', 'tjm 170', '2015-04-28 00:00:00', '4', '', '2015-03-05 00:00:00'),
(77, 'LT2015011203', '2015-01-12 00:00:00', '2', '55', '96', '100', '', 'La defense', 'False', 77, 'longue', '', 'tech n2 debut fevrier. Exp.? Visioconference.', '2015-02-23 00:00:00', '4', '', '2015-01-12 00:00:00'),
(78, 'LT2015011204', '2015-01-12 00:00:00', '2', '', '96', '100', '2', '12 eme paris', 'False', 78, 'longue', '', 'anglais + flament .profil de poste.', '2015-04-28 00:00:00', '4', '', '2015-01-12 00:00:00'),
(79, 'LD2015011201', '2015-01-12 00:00:00', '4', '', '', '', '3', '', 'False', 79, '', '', '', '2015-02-23 00:00:00', '4', '', '2015-01-12 00:00:00'),
(81, 'JQ2015030501', '2015-03-05 00:00:00', '3', '153', '153', '200', '1', 'bazainville', 'False', 81, 'longue', '', 'travail le samedi', '2015-04-28 00:00:00', '2', '', '2015-03-05 00:00:00'),
(84, 'JQ2015030502', '2015-03-05 00:00:00', '3', '', '42', '30', '1', 'idf', 'False', 84, 'longue', '', 'permis b. support proxi confirme . Autonome', '2015-04-28 00:00:00', '4', '', '2015-03-05 00:00:00'),
(85, 'LT2015042801', '2015-04-28 00:00:00', '2', '96', '96', '100', '5', 'Paris', 'False', 85, 'longue', '', 'On va focaliser sur VIP et Anglais . Postes à Issy les Moulineaux, Pantin, Massy, Paris centre.\r\n\r\nProfil Junior accepté.\r\nTjm sur sproposition', '', '', '', '2015-04-28 00:00:00'),
(86, 'JQ2015042801', '2015-04-28 00:00:00', '3', '42', '42', '31', '2', 'Villeurbanne', 'False', 86, 'longue', '', '', '2015-05-27 00:00:00', '4', '', '2015-04-28 00:00:00'),
(87, 'JQ2015042802', '2015-04-28 00:00:00', '3', '42', '42', '30', '1', 'Guyancourt', 'False', 87, 'longue', '', 'support sur un ERP, idéalement Sage. \r\nNous sommes ouverts aux techniciens qui ont fait du support sur Siebel, people soft, SAP, Oracle..\r\nouverts à des profils qui n\'ont jamais fait de supports mais qui maîtrisent un ERP.', '', '', '', '2015-04-28 00:00:00'),
(88, 'JQ2015042803', '2015-04-28 00:00:00', '3', '60', '60', '58', '1', 'Paris', 'False', 88, '1 mois', '', 'Heures supp à prevoir.\r\n11 Mai jusqu\'au 14 Juin.', '2015-05-27 00:00:00', '4', '', '2015-04-28 00:00:00'),
(89, 'LT2015042802', '2015-04-28 00:00:00', '2', '8', '8', '5', '1', 'IDF', 'False', 89, 'Sep 2015', '', 'Le lieu de la mission est principalement sur Paris.\r\ndéplacements en Province, sur les sites pour superviser l’inventaire.Maîtrise d’excel.Rigueur\r\nManagement \r\npersonne habilité secret ou confidentiel défens', '2015-05-27 00:00:00', '4', '', '2015-04-28 00:00:00'),
(90, 'NEW', '2022-11-04 00:00:00', '', '', '', '', '', '', 'False', 90, '', '', '', '', '', '', ''),
(94, 'kjhkjhkjhkh', NULL, '3', '8', '18', '17', '5', 'paris', NULL, 90, NULL, '300', 'affasdf', '2022-11-12', '', '', '2022-11-12');

-- --------------------------------------------------------

--
-- Table structure for table `dde_ferm_typ`
--

DROP TABLE IF EXISTS `dde_ferm_typ`;
CREATE TABLE IF NOT EXISTS `dde_ferm_typ` (
  `id_ferm` tinyint NOT NULL AUTO_INCREMENT,
  `lib_ferm` varchar(24) DEFAULT NULL,
  PRIMARY KEY (`id_ferm`)
) ENGINE=InnoDB DEFAULT CHARSET=utf8mb4 COLLATE=utf8mb4_general_ci;

--
-- Dumping data for table `dde_ferm_typ`
--

INSERT INTO `dde_ferm_typ` (`id_ferm`, `lib_ferm`) VALUES
(1, 'Mission Soft'),
(2, 'Réponse concurrent'),
(3, 'Ressource interne client'),
(4, 'Abandon client');

-- --------------------------------------------------------

--
-- Table structure for table `envs`
--

DROP TABLE IF EXISTS `envs`;
CREATE TABLE IF NOT EXISTS `envs` (
  `id_env` tinyint NOT NULL AUTO_INCREMENT,
  `env_name` varchar(16) DEFAULT NULL,
  PRIMARY KEY (`id_env`)
) ENGINE=InnoDB DEFAULT CHARSET=utf8mb4 COLLATE=utf8mb4_general_ci;

--
-- Dumping data for table `envs`
--

INSERT INTO `envs` (`id_env`, `env_name`) VALUES
(1, 'Windows Système'),
(2, 'Mac'),
(3, 'SGBDR'),
(4, 'EXCHANGE'),
(5, 'Windows Serveur'),
(6, 'Unix Serveur'),
(7, 'Linux'),
(8, 'Citrix'),
(9, 'Active Directory'),
(10, 'TCP/IP'),
(11, 'LAN'),
(12, 'WAN'),
(13, 'IPX/ SPX'),
(14, 'RedHat'),
(15, 'UBUNTU'),
(16, 'Debian'),
(17, 'AppleTalk'),
(18, 'WIFI'),
(19, 'NetBeui'),
(20, 'DNS'),
(21, 'DOS'),
(22, 'slackware'),
(23, 'HPUX'),
(24, 'APACHE'),
(25, 'SAMBA'),
(26, 'IP/IPX'),
(27, 'WLAN'),
(28, 'IPv4'),
(29, 'MAN'),
(30, 'Novell'),
(31, 'Mandriva'),
(32, 'LDAP'),
(33, 'SMTP'),
(34, 'POP'),
(35, 'IMAP'),
(36, 'UDP'),
(37, 'RIP'),
(38, 'GNU'),
(39, 'CentOS'),
(40, 'Rim'),
(41, 'SQL serveur'),
(42, 'ACP Serveur'),
(43, 'UCP Serveur'),
(45, 'MPLS'),
(46, ''),
(47, 'XDSL'),
(48, 'SDH'),
(49, 'ATM'),
(50, 'NT4'),
(51, 'Vlan'),
(52, 'DHCP'),
(53, 'Visual Basic');

-- --------------------------------------------------------

--
-- Table structure for table `inter`
--

DROP TABLE IF EXISTS `inter`;
CREATE TABLE IF NOT EXISTS `inter` (
  `int_id` smallint NOT NULL,
  `miss_id` smallint DEFAULT NULL,
  `cv_id` smallint DEFAULT NULL,
  `int_statut` tinyint DEFAULT NULL,
  `int_fnr` smallint DEFAULT NULL,
  `int_profil` tinyint DEFAULT NULL,
  `int_pua` varchar(255) CHARACTER SET utf8mb4 COLLATE utf8mb4_general_ci DEFAULT NULL,
  `int_puv` varchar(55) CHARACTER SET utf8mb4 COLLATE utf8mb4_general_ci DEFAULT NULL,
  `int_deb` varchar(552) CHARACTER SET utf8mb4 COLLATE utf8mb4_general_ci DEFAULT NULL,
  `int_deb_period` tinyint DEFAULT NULL,
  `int_fin` varchar(255) CHARACTER SET utf8mb4 COLLATE utf8mb4_general_ci DEFAULT NULL,
  `int_fin_period` tinyint DEFAULT NULL,
  `int_bdc` varchar(255) CHARACTER SET utf8mb4 COLLATE utf8mb4_general_ci DEFAULT NULL,
  `int_fact` varchar(255) CHARACTER SET utf8mb4 COLLATE utf8mb4_general_ci DEFAULT NULL,
  `int_com` varchar(255) CHARACTER SET utf8mb4 COLLATE utf8mb4_general_ci DEFAULT NULL,
  `int_maj` varchar(255) CHARACTER SET utf8mb4 COLLATE utf8mb4_general_ci DEFAULT NULL
) ENGINE=InnoDB DEFAULT CHARSET=utf8mb4 COLLATE=utf8mb4_general_ci;

--
-- Dumping data for table `inter`
--

INSERT INTO `inter` (`int_id`, `miss_id`, `cv_id`, `int_statut`, `int_fnr`, `int_profil`, `int_pua`, `int_puv`, `int_deb`, `int_deb_period`, `int_fin`, `int_fin_period`, `int_bdc`, `int_fact`, `int_com`, `int_maj`) VALUES
(10, 3, 4, 4, 59, 26, '380', '400', '2013-07-29T00:00', 1, '2013-12-27T00:00', 2, NULL, NULL, NULL, '2022-11-11'),
(146, 44, 2, 3, 23, 26, '165', '190', '2014-06-01 00:00:00', 1, '2014-06-30 00:00:00', 2, '1411818 av1', '', '', '2014-07-18 00:00:00'),
(156, 58, 4, 2, 84, 26, '140', '220', '2013-12-01 00:00:00', 1, '2014-06-18 00:00:00', 2, '', '', 'Début de mission au 22/07/2013\r\nArrêt maladie à partir du 18/06/14 au 01/10/14', '2014-07-25 00:00:00'),
(157, 8, 2, 2, 2, 1, NULL, NULL, '2022-11-16T02:45', NULL, '2022-11-15T02:45', NULL, NULL, NULL, 'HNFNVNBVNBV', '2022-11-12');

-- --------------------------------------------------------

--
-- Table structure for table `inter_jo`
--

DROP TABLE IF EXISTS `inter_jo`;
CREATE TABLE IF NOT EXISTS `inter_jo` (
  `int_id` smallint DEFAULT NULL,
  `anneemois` mediumint DEFAULT NULL,
  `nb_jo` decimal(3,1) DEFAULT NULL,
  `cra_sent` varchar(5) DEFAULT NULL,
  `cra_sentdate` varchar(19) DEFAULT NULL,
  `cra_rec` varchar(5) DEFAULT NULL,
  `cra_recdate` varchar(19) DEFAULT NULL,
  `cra_recext` varchar(3) DEFAULT NULL,
  `int_fact` varchar(0) DEFAULT NULL
) ENGINE=InnoDB DEFAULT CHARSET=utf8mb4 COLLATE=utf8mb4_general_ci;

--
-- Dumping data for table `inter_jo`
--

INSERT INTO `inter_jo` (`int_id`, `anneemois`, `nb_jo`, `cra_sent`, `cra_sentdate`, `cra_rec`, `cra_recdate`, `cra_recext`, `int_fact`) VALUES
(1, 201309, '18.0', 'True', '', 'True', '', '', ''),
(2, 201305, '2.0', 'True', '', 'True', '', '', ''),
(3, 201306, '2.0', 'True', '2013-06-30 00:00:00', 'True', '2013-06-30 00:00:00', '', ''),
(4, 201306, '2.0', 'True', '2013-06-30 00:00:00', 'True', '2013-06-30 00:00:00', '', ''),
(5, 201306, '1.0', 'True', '2013-06-30 00:00:00', 'True', '2013-06-30 00:00:00', '', ''),
(6, 201306, '2.0', 'True', '2013-06-30 00:00:00', 'True', '2013-06-30 00:00:00', '', ''),
(7, 201306, '2.0', 'True', '2013-06-30 00:00:00', 'True', '2013-06-30 00:00:00', '', ''),
(8, 201306, '2.0', 'True', '2013-06-30 00:00:00', 'True', '2013-06-30 00:00:00', '', ''),
(9, 201309, '3.0', 'True', '', 'True', '', '', ''),
(9, 201310, '2.0', 'True', '', 'True', '', '', ''),
(10, 201307, '3.0', 'True', '', 'True', '', '', ''),
(10, 201308, '21.0', 'True', '', 'True', '', '', ''),
(10, 201309, '21.0', 'True', '', 'True', '', '', ''),
(10, 201310, '23.0', 'True', '', 'True', '', '', ''),
(10, 201311, '19.0', 'True', '', 'True', '', '', ''),
(10, 201312, '19.0', 'True', '', 'True', '', '', ''),
(12, 201210, '11.0', 'True', '', 'True', '', '', ''),
(12, 201211, '21.0', 'True', '', 'True', '', '', ''),
(12, 201212, '20.0', 'True', '', 'True', '', '', ''),
(12, 201301, '22.0', 'True', '', 'True', '', '', ''),
(12, 201302, '20.0', 'True', '', 'True', '', '', ''),
(12, 201303, '21.0', 'True', '', 'True', '', '', ''),
(12, 201304, '21.0', 'True', '', 'True', '', '', ''),
(12, 201305, '19.0', 'True', '', 'True', '', '', ''),
(12, 201306, '20.0', 'True', '2013-06-30 00:00:00', 'True', '', '', ''),
(12, 201307, '23.0', 'True', '', 'True', '', '', ''),
(12, 201308, '21.0', 'True', '', 'True', '', '', ''),
(12, 201309, '21.0', 'True', '', 'True', '', '', ''),
(12, 201310, '13.0', 'True', '', 'True', '', '', ''),
(13, 201310, '6.0', 'True', '', 'True', '', '', ''),
(13, 201311, '5.0', 'True', '', 'True', '', '', ''),
(14, 201310, '6.0', 'True', '', 'True', '', '', ''),
(14, 201311, '5.0', 'True', '', 'True', '', '', ''),
(15, 201310, '6.0', 'True', '', 'True', '', '', ''),
(15, 201311, '6.0', 'True', '', 'True', '', '', ''),
(16, 201310, '6.0', 'True', '', 'True', '', '', ''),
(16, 201311, '5.0', 'True', '', 'True', '', '', ''),
(18, 201306, '5.0', 'True', '2013-06-30 00:00:00', 'True', '', '', ''),
(19, 201306, '5.0', 'True', '2013-06-30 00:00:00', 'True', '2013-06-30 00:00:00', '', ''),
(20, 201307, '23.0', 'True', '', 'True', '', '', ''),
(20, 201308, '21.0', 'True', '', 'True', '', '', ''),
(20, 201309, '21.0', 'True', '', 'True', '', '', ''),
(20, 201310, '23.0', 'True', '', 'True', '', '', ''),
(20, 201311, '19.0', 'True', '', 'True', '', '', ''),
(20, 201312, '15.0', 'True', '', 'True', '', '', ''),
(21, 201307, '10.0', 'True', '', 'True', '', '', ''),
(22, 201304, '3.0', 'True', '', 'True', '', '', ''),
(22, 201305, '2.0', 'True', '', 'True', '', '', ''),
(23, 201304, '3.0', 'True', '', 'True', '', '', ''),
(23, 201305, '2.0', 'True', '', 'True', '', '', ''),
(25, 201304, '6.0', 'True', '', 'True', '', '', ''),
(27, 201307, '23.0', 'True', '', 'True', '', '', ''),
(27, 201308, '21.0', 'True', '', 'True', '', '', ''),
(27, 201309, '21.0', 'True', '', 'True', '', '', ''),
(28, 201304, '21.0', 'True', '', 'True', '', '', ''),
(28, 201305, '19.0', 'True', '', 'True', '', '', ''),
(28, 201306, '20.0', 'True', '2013-06-30 00:00:00', 'True', '', '', ''),
(29, 201310, '23.0', 'True', '', 'True', '', '', ''),
(29, 201311, '19.0', 'True', '', 'True', '', '', ''),
(29, 201312, '21.0', 'True', '', 'True', '', '', ''),
(30, 201304, '21.0', 'True', '', 'True', '', '', ''),
(30, 201305, '19.0', 'True', '', 'True', '', '', ''),
(30, 201306, '20.0', 'True', '2013-06-30 00:00:00', 'True', '', '', ''),
(31, 201311, '1.0', 'True', '', 'True', '', '', ''),
(32, 201310, '23.0', 'True', '', 'True', '', '', ''),
(32, 201311, '19.0', 'True', '', 'True', '', '', ''),
(32, 201312, '21.0', 'True', '', 'True', '', '', ''),
(34, 201305, '5.0', 'True', '', 'True', '', '', ''),
(34, 201306, '20.0', 'True', '2013-06-30 00:00:00', 'True', '', '', ''),
(36, 201307, '21.0', 'True', '', 'True', '', '', ''),
(36, 201308, '21.0', 'True', '', 'True', '', '', ''),
(36, 201309, '21.0', 'True', '', 'True', '', '', ''),
(36, 201310, '23.0', 'True', '', 'True', '', '', ''),
(36, 201311, '19.0', 'True', '', 'True', '', '', ''),
(36, 201312, '21.0', 'True', '', 'True', '', '', ''),
(37, 201303, '2.0', 'True', '', 'True', '', '', ''),
(38, 201302, '6.0', 'True', '', 'True', '', '', ''),
(38, 201303, '21.0', 'True', '', 'True', '', '', ''),
(38, 201304, '21.0', 'True', '', 'True', '', '', ''),
(38, 201305, '19.0', 'True', '', 'True', '', '', ''),
(38, 201306, '20.0', 'True', '2013-06-30 00:00:00', 'True', '', '', ''),
(38, 201307, '23.0', 'True', '', 'True', '', '', ''),
(38, 201308, '21.0', 'True', '', 'True', '', '', ''),
(38, 201309, '21.0', 'True', '', 'True', '', '', ''),
(38, 201310, '23.0', 'True', '', 'True', '', '', ''),
(38, 201311, '19.0', 'True', '', 'True', '', '', ''),
(39, 201304, '2.0', 'True', '', 'True', '', '', ''),
(39, 201305, '19.0', 'True', '', 'True', '', '', ''),
(39, 201306, '20.0', 'True', '2013-06-30 00:00:00', 'True', '', '', ''),
(39, 201307, '23.0', 'True', '', 'True', '', '', ''),
(39, 201308, '21.0', 'True', '', 'True', '', '', ''),
(39, 201309, '21.0', 'True', '', 'True', '', '', ''),
(39, 201310, '23.0', 'True', '', 'True', '', '', ''),
(39, 201311, '19.0', 'True', '', 'True', '', '', ''),
(39, 201312, '21.0', 'True', '', 'True', '', '', ''),
(40, 201307, '23.0', 'True', '', 'True', '', '', ''),
(40, 201308, '21.0', 'True', '', 'True', '', '', ''),
(40, 201309, '10.0', 'True', '', 'True', '', '', ''),
(41, 201307, '3.0', 'True', '', 'True', '', '', ''),
(41, 201308, '11.0', 'True', '', 'True', '', '', ''),
(43, 201303, '3.0', 'True', '', 'True', '', '', ''),
(43, 201304, '7.0', 'True', '', 'True', '', '', ''),
(44, 201310, '4.0', 'True', '', 'True', '', '', ''),
(44, 201311, '9.0', 'True', '', 'True', '', '', ''),
(45, 201307, '23.0', 'True', '', 'True', '', '', ''),
(45, 201308, '21.0', 'True', '', 'True', '', '', ''),
(45, 201309, '21.0', 'True', '', 'True', '', '', ''),
(45, 201310, '23.0', 'True', '', 'True', '', '', ''),
(45, 201311, '19.0', 'True', '', 'True', '', '', ''),
(45, 201312, '15.0', 'True', '', 'True', '', '', ''),
(46, 201309, '4.0', 'True', '', 'True', '', '', ''),
(46, 201310, '23.0', 'True', '', 'True', '', '', ''),
(46, 201311, '19.0', 'True', '', 'True', '', '', ''),
(46, 201312, '21.0', 'True', '', 'True', '', '', ''),
(47, 201307, '23.0', 'True', '', 'True', '', '', ''),
(47, 201308, '21.0', 'True', '', 'True', '', '', ''),
(47, 201309, '21.0', 'True', '', 'True', '', '', ''),
(47, 201310, '23.0', 'True', '', 'True', '', '', ''),
(47, 201311, '19.0', 'True', '', 'True', '', '', ''),
(47, 201312, '15.0', 'True', '', 'True', '', '', ''),
(48, 201307, '22.0', 'True', '', 'True', '', '', ''),
(48, 201308, '20.0', 'True', '', 'True', '', '', ''),
(48, 201309, '20.0', 'True', '', 'True', '', '', ''),
(48, 201310, '22.0', 'True', '', 'True', '', '', ''),
(48, 201311, '18.0', 'True', '', 'True', '', '', ''),
(48, 201312, '20.0', 'True', '', 'True', '', '', ''),
(48, 201401, '21.0', 'True', '', 'True', '', '', ''),
(48, 201402, '19.0', 'True', '', 'True', '', '', ''),
(48, 201403, '15.0', 'True', '', 'True', '', '', ''),
(49, 201304, '21.0', 'True', '', 'True', '', '', ''),
(49, 201305, '19.0', 'True', '', 'True', '', '', ''),
(49, 201306, '20.0', 'True', '2013-06-30 00:00:00', 'True', '', '', ''),
(49, 201307, '23.0', 'True', '', 'True', '', '', ''),
(49, 201308, '21.0', 'True', '', 'True', '', '', ''),
(49, 201309, '17.0', 'True', '', 'True', '', '', ''),
(50, 201309, '-1.0', 'True', '', 'True', '', '', ''),
(50, 201310, '21.0', 'True', '', 'True', '', '', ''),
(50, 201311, '17.0', 'True', '', 'True', '', '', ''),
(50, 201312, '19.0', 'True', '', 'True', '', '', ''),
(50, 201401, '20.0', 'True', '', 'True', '', '', ''),
(50, 201402, '18.0', 'True', '', 'True', '', '', ''),
(50, 201403, '19.0', 'True', '', 'True', '', '', ''),
(50, 201404, '19.0', 'True', '', 'True', '', '', ''),
(51, 201306, '15.0', 'True', '2013-06-30 00:00:00', 'True', '', '', ''),
(51, 201307, '20.0', 'True', '', 'True', '', '', ''),
(52, 201307, '3.0', 'True', '', 'True', '', '', ''),
(52, 201308, '21.0', 'True', '', 'True', '', '', ''),
(52, 201309, '20.0', 'True', '', 'True', '', '', ''),
(53, 201303, '15.0', 'True', '', 'True', '', '', ''),
(53, 201304, '21.0', 'True', '', 'True', '', '', ''),
(53, 201305, '19.0', 'True', '', 'True', '', '', ''),
(53, 201306, '20.0', 'True', '2013-06-30 00:00:00', 'True', '', '', ''),
(53, 201307, '23.0', 'True', '', 'True', '', '', ''),
(53, 201308, '21.0', 'True', '', 'True', '', '', ''),
(53, 201309, '21.0', 'True', '', 'True', '', '', ''),
(53, 201310, '23.0', 'True', '', 'True', '', '', ''),
(53, 201311, '19.0', 'True', '', 'True', '', '', ''),
(53, 201312, '21.0', 'True', '', 'True', '', '', ''),
(53, 201401, '22.0', 'True', '', 'True', '', '', ''),
(53, 201402, '20.0', 'True', '', 'True', '', '', ''),
(53, 201403, '21.0', 'True', '', 'True', '', '', ''),
(53, 201404, '21.0', 'True', '', 'True', '', '', ''),
(54, 201303, '15.0', 'True', '2014-07-24 00:00:00', 'True', '2014-07-24 00:00:00', '', ''),
(54, 201304, '21.0', 'True', '2014-07-24 00:00:00', 'True', '2014-07-24 00:00:00', '', ''),
(54, 201305, '19.0', 'True', '2014-07-24 00:00:00', 'True', '2014-07-24 00:00:00', '', ''),
(54, 201306, '20.0', 'True', '2013-06-30 00:00:00', 'True', '2014-07-29 00:00:00', 'pdf', ''),
(54, 201307, '23.0', 'True', '2014-07-24 00:00:00', 'True', '2014-07-24 00:00:00', '', ''),
(54, 201308, '21.0', 'True', '2014-07-24 00:00:00', 'True', '2014-07-24 00:00:00', '', ''),
(54, 201309, '21.0', 'True', '2014-07-24 00:00:00', 'True', '2014-07-24 00:00:00', '', ''),
(54, 201310, '23.0', 'True', '2014-07-24 00:00:00', 'True', '2014-07-24 00:00:00', '', ''),
(54, 201311, '19.0', 'True', '2014-07-24 00:00:00', 'True', '2014-07-24 00:00:00', '', ''),
(54, 201312, '21.0', 'True', '2014-07-24 00:00:00', 'True', '2014-07-24 00:00:00', '', ''),
(54, 201401, '22.0', 'True', '2014-07-24 00:00:00', 'True', '2014-07-24 00:00:00', '', ''),
(54, 201402, '17.0', 'True', '2014-07-24 00:00:00', 'True', '2014-07-24 00:00:00', '', ''),
(54, 201403, '21.0', 'True', '2014-07-24 00:00:00', 'True', '2014-07-24 00:00:00', '', ''),
(54, 201404, '21.0', 'True', '2014-07-24 00:00:00', 'True', '2014-07-24 00:00:00', '', ''),
(54, 201405, '19.0', 'True', '2014-07-24 00:00:00', 'True', '2014-07-24 00:00:00', '', ''),
(54, 201406, '20.0', 'True', '2014-07-24 00:00:00', 'True', '2014-07-24 00:00:00', '', ''),
(54, 201407, '22.0', 'True', '2014-07-28 00:00:00', 'True', '2014-07-31 00:00:00', 'pdf', ''),
(54, 201408, '20.0', 'True', '2014-08-27 00:00:00', 'True', '2014-08-29 00:00:00', 'pdf', ''),
(54, 201409, '18.0', 'True', '2014-09-26 00:00:00', 'True', '2014-09-29 00:00:00', 'pdf', ''),
(55, 201309, '2.0', 'True', '', 'True', '', '', ''),
(56, 201309, '1.0', 'True', '', 'True', '', '', ''),
(57, 201309, '8.0', 'True', '', 'True', '', '', ''),
(58, 201309, '1.0', 'True', '', 'True', '', '', ''),
(59, 201309, '8.0', 'True', '', 'True', '', '', ''),
(60, 201306, '10.0', 'True', '', 'True', '', '', ''),
(60, 201307, '23.0', 'True', '', 'True', '', '', ''),
(60, 201308, '21.0', 'True', '', 'True', '', '', ''),
(60, 201309, '21.0', 'True', '', 'True', '', '', ''),
(60, 201310, '20.0', 'True', '', 'True', '', '', ''),
(60, 201311, '3.0', 'True', '', 'True', '', '', ''),
(61, 201303, '10.0', 'True', '2014-07-24 00:00:00', 'True', '2014-07-24 00:00:00', '', ''),
(61, 201304, '21.0', 'True', '2014-07-24 00:00:00', 'True', '2014-07-24 00:00:00', '', ''),
(61, 201305, '19.0', 'True', '2014-07-24 00:00:00', 'True', '2014-07-24 00:00:00', '', ''),
(61, 201306, '20.0', 'True', '2014-07-24 00:00:00', 'True', '2014-07-24 00:00:00', '', ''),
(61, 201307, '23.0', 'True', '2014-07-24 00:00:00', 'True', '2014-07-24 00:00:00', '', ''),
(61, 201308, '21.0', 'True', '2014-07-24 00:00:00', 'True', '2014-07-24 00:00:00', '', ''),
(61, 201309, '21.0', 'True', '2014-07-24 00:00:00', 'True', '2014-07-24 00:00:00', '', ''),
(61, 201310, '23.0', 'True', '2014-07-24 00:00:00', 'True', '2014-07-24 00:00:00', '', ''),
(61, 201311, '19.0', 'True', '2014-07-24 00:00:00', 'True', '2014-07-24 00:00:00', '', ''),
(61, 201312, '21.0', 'True', '2014-07-24 00:00:00', 'True', '2014-07-24 00:00:00', '', ''),
(61, 201401, '22.0', 'True', '2014-07-24 00:00:00', 'True', '2014-07-24 00:00:00', '', ''),
(61, 201402, '20.0', 'True', '2014-07-24 00:00:00', 'True', '2014-07-24 00:00:00', '', ''),
(61, 201403, '21.0', 'True', '2014-07-24 00:00:00', 'True', '2014-07-24 00:00:00', '', ''),
(61, 201404, '21.0', 'True', '2014-07-24 00:00:00', 'True', '2014-07-24 00:00:00', '', ''),
(61, 201405, '19.0', 'True', '2014-07-24 00:00:00', 'True', '2014-07-24 00:00:00', '', ''),
(61, 201406, '20.0', 'True', '2014-07-24 00:00:00', 'True', '2014-07-24 00:00:00', '', ''),
(61, 201407, '22.0', 'True', '2014-07-28 00:00:00', 'True', '2014-08-19 00:00:00', 'pdf', ''),
(61, 201408, '1.0', 'True', '2014-07-31 00:00:00', 'True', '2014-08-19 00:00:00', 'pdf', ''),
(62, 201209, '8.0', 'True', '', 'True', '', '', ''),
(62, 201210, '22.0', 'True', '', 'True', '', '', ''),
(62, 201211, '20.0', 'True', '', 'True', '', '', ''),
(62, 201212, '19.0', 'True', '', 'True', '', '', ''),
(62, 201301, '21.0', 'True', '', 'True', '', '', ''),
(62, 201302, '19.0', 'True', '', 'True', '', '', ''),
(62, 201303, '20.0', 'True', '', 'True', '', '', ''),
(62, 201304, '20.0', 'True', '', 'True', '', '', ''),
(62, 201305, '18.0', 'True', '', 'True', '', '', ''),
(62, 201306, '19.0', 'True', '', 'True', '', '', ''),
(62, 201307, '22.0', 'True', '', 'True', '', '', ''),
(62, 201308, '20.0', 'True', '', 'True', '', '', ''),
(62, 201309, '20.0', 'True', '', 'True', '', '', ''),
(62, 201310, '22.0', 'True', '', 'True', '', '', ''),
(62, 201311, '18.0', 'True', '', 'True', '', '', ''),
(62, 201312, '20.0', 'True', '', 'True', '', '', ''),
(62, 201401, '21.0', 'True', '', 'True', '', '', ''),
(63, 201304, '21.0', 'True', '2014-07-24 00:00:00', 'True', '2014-07-24 00:00:00', '', ''),
(63, 201305, '19.0', 'True', '2014-07-24 00:00:00', 'True', '2014-07-24 00:00:00', '', ''),
(63, 201306, '20.0', 'True', '2014-07-24 00:00:00', 'True', '2014-07-24 00:00:00', '', ''),
(63, 201307, '23.0', 'True', '2014-07-24 00:00:00', 'True', '2014-07-24 00:00:00', '', ''),
(63, 201308, '21.0', 'True', '2014-07-24 00:00:00', 'True', '2014-07-24 00:00:00', '', ''),
(63, 201309, '21.0', 'True', '2014-07-24 00:00:00', 'True', '2014-07-24 00:00:00', '', ''),
(63, 201310, '23.0', 'True', '2014-07-24 00:00:00', 'True', '2014-07-24 00:00:00', '', ''),
(63, 201311, '17.0', 'True', '2014-07-24 00:00:00', 'True', '2014-07-24 00:00:00', '', ''),
(63, 201312, '21.0', 'True', '2014-07-24 00:00:00', 'True', '2014-07-24 00:00:00', '', ''),
(63, 201401, '21.0', 'True', '2014-07-24 00:00:00', 'True', '2014-07-24 00:00:00', '', ''),
(63, 201402, '19.0', 'True', '2014-07-24 00:00:00', 'True', '2014-07-24 00:00:00', '', ''),
(63, 201403, '21.0', 'True', '2014-07-24 00:00:00', 'True', '2014-07-24 00:00:00', '', ''),
(63, 201404, '21.0', 'True', '2014-07-24 00:00:00', 'True', '2014-07-24 00:00:00', '', ''),
(63, 201405, '18.0', 'True', '2014-07-24 00:00:00', 'True', '2014-07-24 00:00:00', '', ''),
(63, 201406, '20.0', 'True', '2014-07-24 00:00:00', 'True', '2014-07-24 00:00:00', '', ''),
(63, 201407, '22.0', 'True', '2014-07-28 00:00:00', 'True', '2014-08-01 00:00:00', 'pdf', ''),
(63, 201408, '18.0', 'True', '2014-08-27 00:00:00', 'True', '2014-09-03 00:00:00', 'pdf', ''),
(64, 201202, '11.0', 'True', '2014-07-24 00:00:00', 'True', '2014-07-24 00:00:00', '', ''),
(64, 201203, '22.0', 'True', '2014-07-24 00:00:00', 'True', '2014-07-24 00:00:00', '', ''),
(64, 201204, '20.0', 'True', '2014-07-24 00:00:00', 'True', '2014-07-24 00:00:00', '', ''),
(64, 201205, '19.0', 'True', '2014-07-24 00:00:00', 'True', '2014-07-24 00:00:00', '', ''),
(64, 201206, '21.0', 'True', '2014-07-24 00:00:00', 'True', '2014-07-24 00:00:00', '', ''),
(64, 201207, '22.0', 'True', '2014-07-24 00:00:00', 'True', '2014-07-24 00:00:00', '', ''),
(64, 201208, '22.0', 'True', '2014-07-24 00:00:00', 'True', '2014-07-24 00:00:00', '', ''),
(64, 201209, '20.0', 'True', '2014-07-24 00:00:00', 'True', '2014-07-24 00:00:00', '', ''),
(64, 201210, '23.0', 'True', '2014-07-24 00:00:00', 'True', '2014-07-24 00:00:00', '', ''),
(64, 201211, '21.0', 'True', '2014-07-24 00:00:00', 'True', '2014-07-24 00:00:00', '', ''),
(64, 201212, '20.0', 'True', '2014-07-24 00:00:00', 'True', '2014-07-24 00:00:00', '', ''),
(64, 201301, '22.0', 'True', '2014-07-24 00:00:00', 'True', '2014-07-24 00:00:00', '', ''),
(64, 201302, '20.0', 'True', '2014-07-24 00:00:00', 'True', '2014-07-24 00:00:00', '', ''),
(64, 201303, '21.0', 'True', '2014-07-24 00:00:00', 'True', '2014-07-24 00:00:00', '', ''),
(64, 201304, '21.0', 'True', '2014-07-24 00:00:00', 'True', '2014-07-24 00:00:00', '', ''),
(64, 201305, '19.0', 'True', '2014-07-24 00:00:00', 'True', '2014-07-24 00:00:00', '', ''),
(64, 201306, '20.0', 'True', '2014-07-24 00:00:00', 'True', '2014-07-24 00:00:00', '', ''),
(64, 201307, '23.0', 'True', '2014-07-24 00:00:00', 'True', '2014-07-24 00:00:00', '', ''),
(64, 201308, '21.0', 'True', '2014-07-24 00:00:00', 'True', '2014-07-24 00:00:00', '', ''),
(64, 201309, '21.0', 'True', '2014-07-24 00:00:00', 'True', '2014-07-24 00:00:00', '', ''),
(64, 201310, '23.0', 'True', '2014-07-24 00:00:00', 'True', '2014-07-24 00:00:00', '', ''),
(64, 201311, '19.5', 'True', '2014-07-24 00:00:00', 'True', '2014-07-24 00:00:00', '', ''),
(64, 201312, '23.0', 'True', '2014-07-24 00:00:00', 'True', '2014-07-24 00:00:00', '', ''),
(64, 201401, '20.0', 'True', '2014-07-24 00:00:00', 'True', '2014-07-24 00:00:00', '', ''),
(64, 201402, '20.0', 'True', '2014-07-24 00:00:00', 'True', '2014-07-24 00:00:00', '', ''),
(64, 201403, '21.0', 'True', '2014-07-24 00:00:00', 'True', '2014-07-24 00:00:00', '', ''),
(64, 201404, '21.0', 'True', '2014-07-24 00:00:00', 'True', '2014-07-24 00:00:00', '', ''),
(64, 201405, '17.5', 'True', '2014-07-24 00:00:00', 'True', '2014-07-24 00:00:00', '', ''),
(64, 201406, '20.0', 'True', '2014-07-24 00:00:00', 'True', '2014-07-24 00:00:00', '', ''),
(64, 201407, '21.0', 'True', '2014-07-28 00:00:00', 'True', '2014-08-20 00:00:00', 'pdf', ''),
(64, 201408, '6.0', 'True', '2014-08-27 00:00:00', 'True', '2014-09-02 00:00:00', 'pdf', ''),
(64, 201409, '22.0', 'True', '2014-10-03 00:00:00', 'True', '2014-10-03 00:00:00', 'pdf', ''),
(64, 201410, '23.0', 'True', '2014-10-31 00:00:00', 'True', '2014-10-31 00:00:00', 'pdf', ''),
(64, 201411, '19.0', 'True', '2015-01-02 00:00:00', 'True', '2015-01-02 00:00:00', 'pdf', ''),
(64, 201412, '21.5', 'True', '2014-12-30 00:00:00', 'True', '2014-12-30 00:00:00', 'pdf', ''),
(65, 201308, '14.0', 'True', '', 'True', '', '', ''),
(65, 201309, '21.0', 'True', '', 'True', '', '', ''),
(65, 201310, '23.0', 'True', '', 'True', '', '', ''),
(65, 201311, '19.0', 'True', '', 'True', '', '', ''),
(65, 201312, '21.0', 'True', '', 'True', '', '', ''),
(65, 201401, '22.0', 'True', '', 'True', '', '', ''),
(65, 201402, '20.0', 'True', '', 'True', '', '', ''),
(65, 201403, '21.0', 'True', '', 'True', '', '', ''),
(65, 201404, '21.0', 'True', '', 'True', '', '', ''),
(65, 201405, '19.0', 'True', '', 'True', '', '', ''),
(65, 201406, '20.0', 'True', '', 'True', '', '', ''),
(66, 201310, '16.0', 'True', '', 'True', '', '', ''),
(67, 201304, '2.0', 'True', '', 'True', '', '', ''),
(67, 201305, '19.0', 'True', '', 'True', '', '', ''),
(67, 201306, '20.0', 'True', '', 'True', '', '', ''),
(67, 201307, '23.0', 'True', '', 'True', '', '', ''),
(67, 201308, '21.0', 'True', '', 'True', '', '', ''),
(67, 201309, '21.0', 'True', '', 'True', '', '', ''),
(67, 201310, '23.0', 'True', '', 'True', '', '', ''),
(67, 201311, '19.0', 'True', '', 'True', '', '', ''),
(67, 201312, '21.0', 'True', '', 'True', '', '', ''),
(68, 201311, '4.0', 'True', '', 'True', '', '', ''),
(68, 201312, '21.0', 'True', '', 'True', '', '', ''),
(69, 201310, '4.0', 'True', '', 'True', '', '', ''),
(70, 201310, '4.0', 'True', '', 'True', '', '', ''),
(70, 201311, '19.0', 'True', '', 'True', '', '', ''),
(70, 201312, '21.0', 'True', '', 'True', '', '', ''),
(72, 201311, '0.5', 'True', '', 'True', '', '', ''),
(73, 201312, '0.5', 'True', '', 'True', '', '', ''),
(74, 201312, '0.5', 'True', '', 'True', '', '', ''),
(75, 201311, '0.5', 'True', '', 'True', '', '', ''),
(76, 201312, '0.5', 'True', '', 'True', '', '', ''),
(77, 201312, '0.5', 'True', '', 'True', '', '', ''),
(78, 201311, '0.5', 'True', '', 'True', '', '', ''),
(79, 201312, '0.5', 'True', '', 'True', '', '', ''),
(80, 201312, '0.5', 'True', '', 'True', '', '', ''),
(81, 201311, '0.5', 'True', '', 'True', '', '', ''),
(82, 201312, '0.5', 'True', '', 'True', '', '', ''),
(83, 201312, '0.5', 'True', '', 'True', '', '', ''),
(84, 201312, '0.5', 'True', '', 'True', '', '', ''),
(85, 201312, '0.5', 'True', '', 'True', '', '', ''),
(86, 201312, '0.5', 'True', '', 'True', '', '', ''),
(87, 201311, '0.5', 'True', '', 'True', '', '', ''),
(88, 201312, '0.5', 'True', '', 'True', '', '', ''),
(89, 201312, '9.0', 'True', '', 'True', '', '', ''),
(90, 201312, '9.0', 'True', '', 'True', '', '', ''),
(91, 201311, '0.5', 'True', '', 'True', '', '', ''),
(92, 201311, '0.0', 'True', '', 'True', '', '', ''),
(93, 201311, '0.5', 'True', '', 'True', '', '', ''),
(94, 201311, '0.0', 'True', '', 'True', '', '', ''),
(95, 201311, '0.5', 'True', '', 'True', '', '', ''),
(96, 201311, '0.0', 'True', '', 'True', '', '', ''),
(98, 201312, '15.0', 'True', '', 'True', '', '', ''),
(98, 201401, '17.0', 'True', '', 'True', '', '', ''),
(98, 201402, '15.0', 'True', '', 'True', '', '', ''),
(98, 201403, '16.0', 'True', '', 'True', '', '', ''),
(98, 201404, '16.0', 'True', '', 'True', '', '', ''),
(99, 201312, '6.0', 'True', '', 'True', '', '', ''),
(100, 201312, '6.0', 'True', '', 'True', '', '', ''),
(100, 201401, '22.0', 'True', '', 'True', '', '', ''),
(100, 201402, '20.0', 'True', '', 'True', '', '', ''),
(102, 201311, '19.0', 'True', '', 'True', '', '', ''),
(102, 201312, '21.0', 'True', '', 'True', '', '', ''),
(102, 201401, '2.0', 'True', '', 'True', '', '', ''),
(104, 201312, '0.0', 'True', '', 'True', '', '', ''),
(105, 201312, '15.0', 'True', '', 'True', '', '', ''),
(105, 201401, '9.0', 'True', '', 'True', '', '', ''),
(106, 201401, '1.0', 'True', '', 'True', '', '', ''),
(107, 201401, '1.0', 'True', '', 'True', '', '', ''),
(109, 201403, '21.0', 'True', '2014-07-24 00:00:00', 'True', '2014-07-24 00:00:00', '', ''),
(109, 201404, '21.0', 'True', '2014-07-24 00:00:00', 'True', '2014-07-24 00:00:00', '', ''),
(109, 201405, '19.0', 'True', '2014-07-24 00:00:00', 'True', '2014-07-24 00:00:00', '', ''),
(109, 201406, '20.0', 'True', '2014-07-24 00:00:00', 'True', '2014-07-24 00:00:00', '', ''),
(109, 201407, '9.5', 'True', '2014-07-24 00:00:00', 'True', '2014-08-20 00:00:00', 'pdf', ''),
(109, 201408, '19.0', 'True', '2014-09-29 00:00:00', 'True', '2014-09-29 00:00:00', 'pdf', ''),
(109, 201409, '22.0', 'True', '2014-10-02 00:00:00', 'True', '2014-10-03 00:00:00', 'pdf', ''),
(109, 201410, '23.0', 'True', '2014-10-31 00:00:00', 'True', '2014-11-03 00:00:00', 'pdf', ''),
(109, 201411, '19.0', 'True', '2014-11-24 00:00:00', 'True', '2014-12-01 00:00:00', 'pdf', ''),
(110, 201403, '17.0', 'True', '2014-07-24 00:00:00', 'True', '2014-07-24 00:00:00', '', ''),
(110, 201404, '21.0', 'True', '2014-07-24 00:00:00', 'True', '2014-07-24 00:00:00', '', ''),
(110, 201405, '19.0', 'True', '2014-07-24 00:00:00', 'True', '2014-07-24 00:00:00', '', ''),
(110, 201406, '19.0', 'True', '2014-07-24 00:00:00', 'True', '2014-07-24 00:00:00', '', ''),
(110, 201407, '22.0', 'True', '2014-07-24 00:00:00', 'True', '2014-08-20 00:00:00', 'pdf', ''),
(110, 201408, '20.0', 'True', '2014-09-29 00:00:00', 'True', '2014-09-29 00:00:00', 'pdf', ''),
(110, 201409, '20.0', 'True', '2014-09-29 00:00:00', 'True', '2014-09-30 00:00:00', 'pdf', ''),
(110, 201410, '8.0', 'True', '2014-10-02 00:00:00', 'True', '2014-10-17 00:00:00', 'pdf', ''),
(111, 201403, '2.0', 'True', '', 'True', '', '', ''),
(112, 201403, '2.0', 'True', '', 'True', '', '', ''),
(113, 201403, '3.0', 'True', '', 'True', '', '', ''),
(114, 201403, '3.0', 'True', '', 'True', '', '', ''),
(115, 201403, '3.0', 'True', '', 'True', '', '', ''),
(116, 201403, '5.0', 'True', '', 'True', '', '', ''),
(117, 201403, '5.0', 'True', '', 'True', '', '', ''),
(118, 201210, '17.0', 'True', '', 'True', '', '', ''),
(118, 201211, '21.0', 'True', '', 'True', '', '', ''),
(118, 201212, '20.0', 'True', '', 'True', '', '', ''),
(118, 201301, '22.0', 'True', '', 'True', '', '', ''),
(118, 201302, '20.0', 'True', '', 'True', '', '', ''),
(118, 201303, '21.0', 'True', '', 'True', '', '', ''),
(118, 201304, '21.0', 'True', '', 'True', '', '', ''),
(118, 201305, '19.0', 'True', '', 'True', '', '', ''),
(118, 201306, '20.0', 'True', '', 'True', '', '', ''),
(118, 201307, '23.0', 'True', '', 'True', '', '', ''),
(118, 201308, '21.0', 'True', '', 'True', '', '', ''),
(118, 201309, '21.0', 'True', '', 'True', '', '', ''),
(118, 201310, '23.0', 'True', '', 'True', '', '', ''),
(118, 201311, '19.0', 'True', '', 'True', '', '', ''),
(118, 201312, '21.0', 'True', '', 'True', '', '', ''),
(118, 201401, '22.0', 'True', '', 'True', '', '', ''),
(118, 201402, '20.0', 'True', '', 'True', '', '', ''),
(118, 201403, '21.0', 'True', '', 'True', '', '', ''),
(119, 201307, '7.0', 'True', '', 'True', '', '', ''),
(119, 201308, '15.0', 'True', '', 'True', '', '', ''),
(119, 201309, '15.0', 'True', '', 'True', '', '', ''),
(119, 201310, '17.0', 'True', '', 'True', '', '', ''),
(119, 201311, '13.0', 'True', '', 'True', '', '', ''),
(119, 201312, '15.0', 'True', '', 'True', '', '', ''),
(119, 201401, '16.0', 'True', '', 'True', '', '', ''),
(119, 201402, '14.0', 'True', '', 'True', '', '', ''),
(119, 201403, '15.0', 'True', '', 'True', '', '', ''),
(119, 201404, '15.0', 'True', '', 'True', '', '', ''),
(119, 201405, '13.0', 'True', '', 'True', '', '', ''),
(119, 201406, '14.0', 'True', '', 'True', '', '', ''),
(120, 201305, '12.0', 'True', '', 'True', '', '', ''),
(120, 201306, '20.0', 'True', '', 'True', '', '', ''),
(120, 201307, '23.0', 'True', '', 'True', '', '', ''),
(120, 201308, '21.0', 'True', '', 'True', '', '', ''),
(120, 201309, '21.0', 'True', '', 'True', '', '', ''),
(120, 201310, '23.0', 'True', '', 'True', '', '', ''),
(120, 201311, '19.0', 'True', '', 'True', '', '', ''),
(120, 201312, '21.0', 'True', '', 'True', '', '', ''),
(120, 201401, '22.0', 'True', '', 'True', '', '', ''),
(120, 201402, '9.0', 'True', '', 'True', '', '', ''),
(121, 201403, '11.0', 'True', '', 'True', '', '', ''),
(121, 201404, '21.0', 'True', '', 'True', '', '', ''),
(121, 201405, '19.0', 'True', '', 'True', '', '', ''),
(122, 201111, '8.0', 'True', '', 'True', '', '', ''),
(122, 201112, '22.0', 'True', '', 'True', '', '', ''),
(122, 201201, '10.0', 'True', '', 'True', '', '', ''),
(123, 201201, '12.0', 'True', '', 'True', '', '', ''),
(123, 201202, '21.0', 'True', '', 'True', '', '', ''),
(123, 201203, '22.0', 'True', '', 'True', '', '', ''),
(123, 201204, '20.0', 'True', '', 'True', '', '', ''),
(123, 201205, '19.0', 'True', '', 'True', '', '', ''),
(123, 201206, '21.0', 'True', '', 'True', '', '', ''),
(123, 201207, '22.0', 'True', '', 'True', '', '', ''),
(123, 201208, '22.0', 'True', '', 'True', '', '', ''),
(123, 201209, '20.0', 'True', '', 'True', '', '', ''),
(123, 201210, '23.0', 'True', '', 'True', '', '', ''),
(123, 201211, '21.0', 'True', '', 'True', '', '', ''),
(123, 201212, '20.0', 'True', '', 'True', '', '', ''),
(123, 201301, '22.0', 'True', '', 'True', '', '', ''),
(123, 201302, '20.0', 'True', '', 'True', '', '', ''),
(123, 201303, '21.0', 'True', '', 'True', '', '', ''),
(123, 201304, '21.0', 'True', '', 'True', '', '', ''),
(123, 201305, '19.0', 'True', '', 'True', '', '', ''),
(123, 201306, '20.0', 'True', '', 'True', '', '', ''),
(123, 201307, '23.0', 'True', '', 'True', '', '', ''),
(123, 201308, '21.0', 'True', '', 'True', '', '', ''),
(123, 201309, '21.0', 'True', '', 'True', '', '', ''),
(123, 201310, '23.0', 'True', '', 'True', '', '', ''),
(123, 201311, '19.0', 'True', '', 'True', '', '', ''),
(123, 201312, '21.0', 'True', '', 'True', '', '', ''),
(123, 201401, '22.0', 'True', '', 'True', '', '', ''),
(123, 201402, '20.0', 'True', '', 'True', '', '', ''),
(123, 201403, '21.0', 'True', '', 'True', '', '', ''),
(124, 201403, '6.0', 'True', '', 'True', '', '', ''),
(125, 201403, '6.0', 'True', '2014-07-24 00:00:00', 'True', '2014-07-24 00:00:00', '', ''),
(125, 201404, '21.0', 'True', '2014-07-24 00:00:00', 'True', '2014-07-24 00:00:00', '', ''),
(125, 201405, '19.0', 'True', '2014-07-24 00:00:00', 'True', '2014-07-24 00:00:00', '', ''),
(125, 201406, '20.0', 'True', '2014-07-24 00:00:00', 'True', '2014-07-24 00:00:00', '', ''),
(125, 201407, '22.0', 'True', '2014-07-28 00:00:00', 'True', '2014-08-19 00:00:00', 'jpg', ''),
(125, 201408, '1.0', 'True', '', 'True', '', '', ''),
(126, 201402, '20.0', 'True', '', 'True', '', '', ''),
(126, 201403, '20.0', 'True', '', 'True', '', '', ''),
(127, 201402, '19.0', 'True', '', 'True', '', '', ''),
(127, 201403, '21.0', 'True', '', 'True', '', '', ''),
(127, 201404, '21.0', 'True', '', 'True', '', '', ''),
(127, 201405, '19.0', 'True', '', 'True', '', '', ''),
(127, 201406, '9.0', 'True', '', 'True', '', '', ''),
(128, 201402, '10.0', 'True', '', 'True', '', '', ''),
(128, 201403, '21.0', 'True', '', 'True', '', '', ''),
(128, 201404, '21.0', 'True', '', 'True', '', '', ''),
(128, 201405, '19.0', 'True', '', 'True', '', '', ''),
(128, 201406, '19.0', 'True', '', 'True', '', '', ''),
(129, 201402, '15.0', 'True', '', 'True', '', '', ''),
(129, 201403, '21.0', 'True', '', 'True', '', '', ''),
(129, 201404, '9.0', 'True', '', 'True', '', '', ''),
(130, 201404, '21.0', 'True', '', 'True', '', '', ''),
(130, 201405, '19.0', 'True', '', 'True', '', '', ''),
(130, 201406, '9.0', 'True', '', 'True', '', '', ''),
(131, 201402, '10.0', 'True', '2014-07-24 00:00:00', 'True', '2014-07-24 00:00:00', '', ''),
(131, 201403, '21.0', 'True', '2014-07-24 00:00:00', 'True', '2014-07-24 00:00:00', '', ''),
(131, 201404, '21.0', 'True', '2014-07-24 00:00:00', 'True', '2014-07-24 00:00:00', '', ''),
(131, 201405, '19.0', 'True', '2014-07-24 00:00:00', 'True', '2014-07-24 00:00:00', '', ''),
(131, 201406, '20.0', 'True', '2014-07-24 00:00:00', 'True', '2014-07-24 00:00:00', '', ''),
(131, 201407, '22.0', 'True', '2014-07-28 00:00:00', 'True', '2014-07-29 00:00:00', 'jpg', ''),
(131, 201408, '5.0', 'True', '2014-08-27 00:00:00', 'True', '2014-09-09 00:00:00', 'pdf', ''),
(131, 201409, '22.0', 'True', '2014-09-26 00:00:00', 'True', '2014-10-07 00:00:00', 'pdf', ''),
(131, 201410, '18.5', 'True', '2014-10-29 00:00:00', 'True', '2014-11-03 00:00:00', 'pdf', ''),
(132, 201404, '7.0', 'True', '', 'True', '', '', ''),
(133, 201404, '5.0', 'True', '', 'True', '', '', ''),
(134, 201404, '0.5', 'True', '', 'True', '', '', ''),
(135, 201404, '0.5', 'True', '', 'True', '', '', ''),
(136, 201404, '1.0', 'True', '', 'True', '', '', ''),
(137, 201404, '1.0', 'True', '', 'True', '', '', ''),
(138, 201404, '1.0', 'True', '', 'True', '', '', ''),
(139, 201404, '9.0', 'True', '', 'True', '', '', ''),
(140, 201404, '6.0', 'True', '', 'True', '', '', ''),
(141, 201404, '3.0', 'True', '', 'True', '', '', ''),
(143, 201404, '1.0', 'True', '', 'True', '', '', ''),
(144, 201404, '0.5', 'True', '', 'True', '', '', ''),
(145, 201404, '3.0', 'True', '', 'True', '', '', ''),
(145, 201405, '4.0', 'True', '', 'True', '', '', ''),
(146, 201406, '20.0', 'True', '', 'True', '', '', ''),
(147, 201405, '6.0', 'True', '', 'True', '', '', ''),
(148, 201301, '22.0', 'True', '', 'True', '', '', ''),
(148, 201302, '20.0', 'True', '', 'True', '', '', ''),
(148, 201303, '21.0', 'True', '', 'True', '', '', ''),
(148, 201304, '21.0', 'True', '', 'True', '', '', ''),
(148, 201305, '19.0', 'True', '', 'True', '', '', ''),
(148, 201306, '20.0', 'True', '', 'True', '', '', ''),
(148, 201307, '23.0', 'True', '', 'True', '', '', ''),
(148, 201308, '21.0', 'True', '', 'True', '', '', ''),
(148, 201309, '21.0', 'True', '', 'True', '', '', ''),
(148, 201310, '23.0', 'True', '', 'True', '', '', ''),
(148, 201311, '19.0', 'True', '', 'True', '', '', ''),
(148, 201312, '21.0', 'True', '', 'True', '', '', ''),
(148, 201401, '22.0', 'True', '', 'True', '', '', ''),
(148, 201402, '20.0', 'True', '', 'True', '', '', ''),
(148, 201403, '15.0', 'True', '', 'True', '', '', ''),
(149, 201203, '22.0', 'True', '2014-07-24 00:00:00', 'True', '2014-07-24 00:00:00', '', ''),
(149, 201204, '20.0', 'True', '2014-07-24 00:00:00', 'True', '2014-07-24 00:00:00', '', ''),
(149, 201205, '19.0', 'True', '2014-07-24 00:00:00', 'True', '2014-07-24 00:00:00', '', ''),
(149, 201206, '21.0', 'True', '2014-07-24 00:00:00', 'True', '2014-07-24 00:00:00', '', ''),
(149, 201207, '22.0', 'True', '2014-07-24 00:00:00', 'True', '2014-07-24 00:00:00', '', ''),
(149, 201208, '22.0', 'True', '2014-07-24 00:00:00', 'True', '2014-07-24 00:00:00', '', ''),
(149, 201209, '20.0', 'True', '2014-07-24 00:00:00', 'True', '2014-07-24 00:00:00', '', ''),
(149, 201210, '23.0', 'True', '2014-07-24 00:00:00', 'True', '2014-07-24 00:00:00', '', ''),
(149, 201211, '21.0', 'True', '2014-07-24 00:00:00', 'True', '2014-07-24 00:00:00', '', ''),
(149, 201212, '20.0', 'True', '2014-07-24 00:00:00', 'True', '2014-07-24 00:00:00', '', ''),
(149, 201301, '22.0', 'True', '2014-07-24 00:00:00', 'True', '2014-07-24 00:00:00', '', ''),
(149, 201302, '20.0', 'True', '2014-07-24 00:00:00', 'True', '2014-07-24 00:00:00', '', ''),
(149, 201303, '21.0', 'True', '2014-07-24 00:00:00', 'True', '2014-07-24 00:00:00', '', ''),
(149, 201304, '21.0', 'True', '2014-07-24 00:00:00', 'True', '2014-07-24 00:00:00', '', ''),
(149, 201305, '19.0', 'True', '2014-07-24 00:00:00', 'True', '2014-07-24 00:00:00', '', ''),
(149, 201306, '20.0', 'True', '2014-07-24 00:00:00', 'True', '2014-07-24 00:00:00', '', ''),
(149, 201307, '23.0', 'True', '2014-07-24 00:00:00', 'True', '2014-07-24 00:00:00', '', ''),
(149, 201308, '21.0', 'True', '2014-07-24 00:00:00', 'True', '2014-07-24 00:00:00', '', ''),
(149, 201309, '21.0', 'True', '2014-07-24 00:00:00', 'True', '2014-07-24 00:00:00', '', ''),
(149, 201310, '23.0', 'True', '2014-07-24 00:00:00', 'True', '2014-07-24 00:00:00', '', ''),
(149, 201311, '19.0', 'True', '2014-07-24 00:00:00', 'True', '2014-07-24 00:00:00', '', ''),
(149, 201312, '21.0', 'True', '2014-07-24 00:00:00', 'True', '2014-07-24 00:00:00', '', ''),
(149, 201401, '22.0', 'True', '2014-07-24 00:00:00', 'True', '2014-07-24 00:00:00', '', ''),
(149, 201402, '20.0', 'True', '2014-07-24 00:00:00', 'True', '2014-07-24 00:00:00', '', ''),
(149, 201403, '21.0', 'True', '2014-07-24 00:00:00', 'True', '2014-07-24 00:00:00', '', ''),
(149, 201404, '21.0', 'True', '2014-07-24 00:00:00', 'True', '2014-07-24 00:00:00', '', ''),
(149, 201405, '19.0', 'True', '2014-07-24 00:00:00', 'True', '2014-07-24 00:00:00', '', ''),
(149, 201406, '20.0', 'True', '2014-07-24 00:00:00', 'True', '2014-07-24 00:00:00', '', ''),
(149, 201407, '16.0', 'True', '2014-07-29 00:00:00', 'True', '2014-09-03 00:00:00', 'pdf', ''),
(149, 201408, '17.0', 'True', '2014-08-27 00:00:00', 'True', '2014-09-03 00:00:00', 'pdf', ''),
(149, 201409, '19.5', 'True', '2014-09-29 00:00:00', 'True', '2014-09-29 00:00:00', 'pdf', ''),
(149, 201410, '18.5', 'True', '2014-10-27 00:00:00', 'True', '2014-10-27 00:00:00', 'pdf', ''),
(149, 201411, '19.0', 'True', '2014-11-24 00:00:00', 'True', '2014-12-08 00:00:00', 'pdf', ''),
(149, 201412, '21.0', 'True', '2014-12-29 00:00:00', 'True', '2014-12-30 00:00:00', 'pdf', ''),
(149, 201501, '18.5', 'True', '2015-01-28 00:00:00', 'True', '2015-02-04 00:00:00', 'pdf', ''),
(151, 201312, '3.0', 'True', '', 'True', '', '', ''),
(152, 201405, '19.0', 'True', '2014-07-24 00:00:00', 'True', '2014-07-24 00:00:00', '', ''),
(152, 201406, '20.0', 'True', '2014-07-24 00:00:00', 'True', '2014-07-24 00:00:00', '', ''),
(152, 201407, '22.0', 'True', '2014-07-28 00:00:00', 'True', '2014-07-31 00:00:00', 'pdf', ''),
(152, 201408, '20.0', 'True', '2014-08-27 00:00:00', 'True', '2014-09-02 00:00:00', 'pdf', ''),
(153, 201309, '6.0', 'True', '', 'True', '', '', ''),
(153, 201310, '23.0', 'True', '', 'True', '', '', ''),
(153, 201311, '19.0', 'True', '', 'True', '', '', ''),
(153, 201312, '21.0', 'True', '', 'True', '', '', ''),
(153, 201401, '22.0', 'True', '', 'True', '', '', ''),
(153, 201402, '20.0', 'True', '', 'True', '', '', ''),
(153, 201403, '21.0', 'True', '', 'True', '', '', ''),
(153, 201404, '21.0', 'True', '', 'True', '', '', ''),
(153, 201405, '19.0', 'True', '', 'True', '', '', ''),
(153, 201406, '20.0', 'True', '', 'True', '', '', ''),
(154, 201310, '19.0', 'True', '', 'True', '', '', ''),
(154, 201311, '19.0', 'True', '', 'True', '', '', ''),
(154, 201312, '21.0', 'True', '', 'True', '', '', ''),
(154, 201401, '22.0', 'True', '', 'True', '', '', ''),
(154, 201402, '20.0', 'True', '', 'True', '', '', ''),
(156, 201312, '21.0', 'True', '2014-07-24 00:00:00', 'True', '2014-07-24 00:00:00', '', ''),
(156, 201401, '22.0', 'True', '2014-07-24 00:00:00', 'True', '2014-07-24 00:00:00', '', ''),
(156, 201402, '20.0', 'True', '2014-07-24 00:00:00', 'True', '2014-07-24 00:00:00', '', ''),
(156, 201403, '21.0', 'True', '2014-07-24 00:00:00', 'True', '2014-07-24 00:00:00', '', ''),
(156, 201404, '21.0', 'True', '2014-07-24 00:00:00', 'True', '2014-07-24 00:00:00', '', ''),
(156, 201405, '19.0', 'True', '2014-07-24 00:00:00', 'True', '2014-07-24 00:00:00', '', ''),
(156, 201406, '20.0', 'True', '2014-07-24 00:00:00', 'True', '2014-07-24 00:00:00', '', ''),
(157, 201402, '5.0', 'True', '', 'True', '', '', ''),
(157, 201403, '21.0', 'True', '', 'True', '', '', ''),
(157, 201404, '9.0', 'True', '', 'True', '', '', ''),
(158, 201403, '1.0', 'True', '2014-07-24 00:00:00', 'True', '2014-07-24 00:00:00', '', ''),
(158, 201404, '21.0', 'True', '2014-07-24 00:00:00', 'True', '2014-07-24 00:00:00', '', ''),
(158, 201405, '19.0', 'True', '2014-07-24 00:00:00', 'True', '2014-07-24 00:00:00', '', ''),
(158, 201406, '20.0', 'True', '2014-07-24 00:00:00', 'True', '2014-07-24 00:00:00', '', ''),
(158, 201407, '22.0', 'True', '2014-07-28 00:00:00', 'True', '2014-08-01 00:00:00', 'pdf', ''),
(158, 201408, '11.0', 'True', '2014-08-27 00:00:00', 'True', '2014-09-01 00:00:00', 'pdf', ''),
(158, 201409, '21.0', 'True', '2014-09-26 00:00:00', 'True', '2014-10-06 00:00:00', 'pdf', ''),
(158, 201410, '18.0', 'True', '2014-10-27 00:00:00', 'True', '2014-11-03 00:00:00', 'pdf', ''),
(158, 201411, '16.0', 'True', '2014-11-24 00:00:00', 'True', '2014-11-24 00:00:00', 'pdf', ''),
(159, 201311, '19.0', 'True', '', 'True', '', '', ''),
(159, 201312, '21.0', 'True', '', 'True', '', '', ''),
(159, 201401, '22.0', 'True', '', 'True', '', '', ''),
(159, 201402, '20.0', 'True', '', 'True', '', '', ''),
(159, 201403, '20.0', 'True', '', 'True', '', '', ''),
(160, 201310, '9.0', 'True', '', 'True', '', '', ''),
(160, 201311, '19.0', 'True', '', 'True', '', '', ''),
(160, 201312, '21.0', 'True', '', 'True', '', '', ''),
(160, 201401, '22.0', 'True', '', 'True', '', '', ''),
(160, 201402, '20.0', 'True', '', 'True', '', '', ''),
(160, 201403, '21.0', 'True', '', 'True', '', '', ''),
(160, 201404, '8.0', 'True', '', 'True', '', '', ''),
(161, 201309, '9.0', 'True', '', 'True', '', '', ''),
(161, 201310, '23.0', 'True', '', 'True', '', '', ''),
(161, 201311, '19.0', 'True', '', 'True', '', '', ''),
(161, 201312, '21.0', 'True', '', 'True', '', '', ''),
(161, 201401, '22.0', 'True', '', 'True', '', '', ''),
(161, 201402, '20.0', 'True', '', 'True', '', '', ''),
(162, 201306, '3.0', 'True', '', 'True', '', '', ''),
(162, 201307, '23.0', 'True', '', 'True', '', '', ''),
(162, 201308, '21.0', 'True', '', 'True', '', '', ''),
(162, 201309, '21.0', 'True', '', 'True', '', '', ''),
(162, 201310, '23.0', 'True', '', 'True', '', '', ''),
(162, 201311, '19.0', 'True', '', 'True', '', '', ''),
(162, 201312, '21.0', 'True', '', 'True', '', '', ''),
(162, 201401, '22.0', 'True', '', 'True', '', '', ''),
(162, 201402, '20.0', 'True', '', 'True', '', '', ''),
(162, 201403, '21.0', 'True', '', 'True', '', '', ''),
(162, 201404, '21.0', 'True', '', 'True', '', '', ''),
(162, 201405, '19.0', 'True', '', 'True', '', '', ''),
(163, 201308, '13.0', 'True', '', 'True', '', '', ''),
(163, 201309, '21.0', 'True', '', 'True', '', '', ''),
(163, 201310, '23.0', 'True', '', 'True', '', '', ''),
(163, 201311, '19.0', 'True', '', 'True', '', '', ''),
(163, 201312, '21.0', 'True', '', 'True', '', '', ''),
(163, 201401, '22.0', 'True', '', 'True', '', '', ''),
(163, 201402, '20.0', 'True', '', 'True', '', '', ''),
(163, 201403, '10.0', 'True', '', 'True', '', '', ''),
(164, 201403, '21.0', 'True', '', 'True', '', '', ''),
(165, 201403, '11.0', 'True', '', 'True', '', '', ''),
(165, 201404, '21.0', 'True', '', 'True', '', '', ''),
(165, 201405, '15.0', 'True', '', 'True', '', '', ''),
(165, 201406, '13.0', 'True', '', 'True', '', '', ''),
(166, 201310, '9.0', 'True', '', 'True', '', '', ''),
(166, 201311, '19.0', 'True', '', 'True', '', '', ''),
(166, 201312, '21.0', 'True', '', 'True', '', '', ''),
(166, 201401, '22.0', 'True', '', 'True', '', '', ''),
(166, 201402, '20.0', 'True', '', 'True', '', '', ''),
(166, 201403, '21.0', 'True', '', 'True', '', '', ''),
(169, 201311, '4.0', 'True', '', 'True', '', '', ''),
(169, 201312, '21.0', 'True', '', 'True', '', '', ''),
(169, 201401, '22.0', 'True', '', 'True', '', '', ''),
(169, 201402, '20.0', 'True', '', 'True', '', '', ''),
(169, 201403, '21.0', 'True', '', 'True', '', '', ''),
(169, 201404, '21.0', 'True', '', 'True', '', '', ''),
(169, 201405, '19.0', 'True', '', 'True', '', '', ''),
(169, 201406, '20.0', 'True', '', 'True', '', '', ''),
(170, 201401, '2.0', 'True', '', 'True', '', '', ''),
(170, 201402, '20.0', 'True', '', 'True', '', '', ''),
(170, 201403, '21.0', 'True', '', 'True', '', '', ''),
(170, 201404, '21.0', 'True', '', 'True', '', '', ''),
(170, 201405, '19.0', 'True', '', 'True', '', '', ''),
(171, 201402, '0.5', 'True', '', 'True', '', '', ''),
(172, 201402, '14.0', 'True', '', 'True', '', '', ''),
(172, 201403, '20.0', 'True', '', 'True', '', '', ''),
(172, 201404, '20.0', 'True', '', 'True', '', '', ''),
(173, 201402, '10.0', 'True', '', 'True', '', '', ''),
(173, 201403, '21.0', 'True', '', 'True', '', '', ''),
(173, 201404, '21.0', 'True', '', 'True', '', '', ''),
(174, 201401, '6.0', 'True', '', 'True', '', '', ''),
(174, 201402, '19.0', 'True', '', 'True', '', '', ''),
(174, 201403, '20.0', 'True', '', 'True', '', '', ''),
(174, 201404, '20.0', 'True', '', 'True', '', '', ''),
(175, 201403, '4.0', 'True', '2014-07-24 00:00:00', 'True', '2014-07-24 00:00:00', '', ''),
(175, 201404, '21.0', 'True', '2014-07-24 00:00:00', 'True', '2014-07-24 00:00:00', '', ''),
(175, 201405, '19.0', 'True', '2014-07-24 00:00:00', 'True', '2014-07-24 00:00:00', '', ''),
(175, 201406, '19.0', 'True', '2014-07-24 00:00:00', 'True', '2014-07-24 00:00:00', '', ''),
(175, 201407, '22.0', 'True', '2014-07-28 00:00:00', 'True', '2014-07-30 00:00:00', 'pdf', ''),
(175, 201408, '19.0', 'True', '2014-08-27 00:00:00', 'True', '2014-09-04 00:00:00', 'pdf', ''),
(175, 201409, '10.0', 'True', '2014-09-04 00:00:00', 'True', '2014-09-12 00:00:00', 'pdf', ''),
(176, 201403, '6.0', 'True', '2014-07-24 00:00:00', 'True', '2014-07-24 00:00:00', '', ''),
(176, 201404, '21.0', 'True', '2014-07-24 00:00:00', 'True', '2014-07-24 00:00:00', '', ''),
(176, 201405, '19.0', 'True', '2014-07-24 00:00:00', 'True', '2014-07-24 00:00:00', '', ''),
(176, 201406, '20.0', 'True', '2014-07-24 00:00:00', 'True', '2014-07-24 00:00:00', '', ''),
(176, 201407, '20.0', 'True', '2014-07-28 00:00:00', 'True', '2014-08-01 00:00:00', 'pdf', ''),
(176, 201408, '10.0', 'True', '2014-08-27 00:00:00', 'True', '2014-09-09 00:00:00', 'pdf', ''),
(176, 201409, '22.0', 'True', '2014-09-26 00:00:00', 'True', '2014-10-02 00:00:00', 'pdf', ''),
(176, 201410, '18.0', 'True', '2014-10-27 00:00:00', 'True', '2014-11-03 00:00:00', 'pdf', ''),
(176, 201411, '17.0', 'True', '2014-11-24 00:00:00', 'True', '2014-11-26 00:00:00', 'pdf', ''),
(176, 201412, '18.0', 'True', '2014-12-29 00:00:00', 'True', '2015-01-07 00:00:00', 'pdf', ''),
(178, 201401, '15.0', 'True', '', 'True', '', '', ''),
(178, 201402, '20.0', 'True', '', 'True', '', '', ''),
(178, 201403, '15.0', 'True', '', 'True', '', '', ''),
(179, 201407, '18.0', 'True', '2014-07-28 00:00:00', 'True', '2014-08-01 00:00:00', 'pdf', ''),
(179, 201408, '19.0', 'True', '2014-09-03 00:00:00', 'True', '2014-09-03 00:00:00', 'pdf', ''),
(181, 201406, '1.0', 'True', '2014-07-24 00:00:00', 'True', '2014-07-24 00:00:00', '', ''),
(181, 201407, '22.0', 'True', '2014-07-28 00:00:00', 'True', '2014-07-30 00:00:00', 'pdf', ''),
(181, 201408, '20.0', 'True', '2014-08-27 00:00:00', 'True', '2014-08-28 00:00:00', 'pdf', ''),
(181, 201409, '22.0', 'True', '2014-09-26 00:00:00', 'True', '2014-09-29 00:00:00', 'pdf', ''),
(181, 201410, '23.0', 'True', '2014-10-27 00:00:00', 'True', '2014-10-27 00:00:00', 'pdf', ''),
(181, 201411, '19.0', 'True', '2014-11-24 00:00:00', 'True', '2014-12-04 00:00:00', 'pdf', ''),
(181, 201412, '21.0', 'True', '2014-12-29 00:00:00', 'True', '2014-12-30 00:00:00', 'pdf', ''),
(182, 201404, '9.0', 'True', '', 'True', '', '', ''),
(183, 201407, '13.0', 'True', '2014-07-28 00:00:00', 'True', '2014-08-20 00:00:00', 'pdf', ''),
(184, 201407, '1.0', 'True', '', 'True', '', '', ''),
(185, 201407, '14.0', 'True', '2014-07-28 00:00:00', 'True', '2014-08-20 00:00:00', 'pdf', ''),
(185, 201408, '1.0', 'True', '', 'True', '', '', ''),
(186, 201407, '20.0', 'True', '2014-07-28 00:00:00', 'True', '2014-08-18 00:00:00', 'pdf', ''),
(186, 201408, '15.0', 'True', '2014-08-27 00:00:00', 'True', '2014-08-28 00:00:00', 'pdf', ''),
(188, 201407, '14.5', 'True', '2014-07-24 00:00:00', 'True', '2014-08-21 00:00:00', 'pdf', ''),
(188, 201408, '1.0', 'False', '', 'False', '', '', ''),
(189, 201405, '11.0', 'True', '', 'True', '', '', ''),
(189, 201406, '20.0', 'True', '', 'True', '', '', ''),
(190, 201408, '14.0', 'False', '', 'False', '', '', ''),
(191, 201407, '16.0', 'True', '2014-07-28 00:00:00', 'True', '2014-08-20 00:00:00', 'pdf', ''),
(191, 201408, '19.0', 'True', '2014-08-27 00:00:00', 'True', '2014-09-01 00:00:00', 'pdf', ''),
(191, 201409, '8.0', 'True', '2014-09-26 00:00:00', 'True', '2014-09-26 00:00:00', 'pdf', ''),
(193, 201405, '19.0', 'True', '', 'True', '', '', ''),
(193, 201406, '20.0', 'True', '', 'True', '', '', ''),
(194, 201407, '22.0', 'True', '2014-07-28 00:00:00', 'True', '2014-08-20 00:00:00', 'pdf', ''),
(194, 201408, '1.0', 'True', '', 'True', '', '', ''),
(195, 201405, '19.0', 'True', '', 'True', '', '', ''),
(195, 201406, '20.0', 'True', '', 'True', '', '', ''),
(196, 201407, '21.0', 'True', '2014-07-28 00:00:00', 'True', '2014-08-01 00:00:00', 'pdf', ''),
(196, 201408, '15.0', 'True', '2014-08-27 00:00:00', 'True', '2014-09-09 00:00:00', 'pdf', ''),
(197, 201407, '2.0', 'True', '', 'True', '', '', ''),
(199, 201406, '8.0', 'True', '', 'True', '', '', ''),
(201, 201402, '15.0', 'True', '', 'True', '', '', ''),
(201, 201403, '21.0', 'True', '', 'True', '', '', ''),
(201, 201404, '21.0', 'True', '', 'True', '', '', ''),
(201, 201405, '19.0', 'True', '', 'True', '', '', ''),
(201, 201406, '20.0', 'True', '', 'True', '', '', ''),
(202, 201407, '19.0', 'True', '2014-07-28 00:00:00', 'True', '2014-07-28 00:00:00', 'jpg', ''),
(203, 201408, '11.0', 'True', '2014-08-27 00:00:00', 'True', '2014-08-28 00:00:00', 'pdf', ''),
(205, 201407, '21.0', 'True', '2014-07-28 00:00:00', 'True', '2014-08-19 00:00:00', 'pdf', ''),
(206, 201408, '10.0', 'True', '2014-08-27 00:00:00', 'True', '2014-09-02 00:00:00', 'pdf', ''),
(207, 201409, '20.0', 'True', '2014-09-26 00:00:00', 'True', '2014-10-02 00:00:00', 'pdf', ''),
(207, 201410, '23.0', 'True', '2014-10-27 00:00:00', 'True', '2014-11-06 00:00:00', 'pdf', ''),
(207, 201411, '10.5', 'True', '2014-11-25 00:00:00', 'True', '2014-12-03 00:00:00', 'pdf', ''),
(207, 201412, '21.0', 'True', '2014-12-29 00:00:00', 'True', '2015-01-02 00:00:00', 'pdf', ''),
(208, 201407, '21.0', 'True', '2014-07-28 00:00:00', 'True', '2014-08-20 00:00:00', 'pdf', ''),
(209, 201408, '20.0', 'True', '2014-08-27 00:00:00', 'True', '2014-09-03 00:00:00', 'pdf', ''),
(210, 201409, '22.0', 'True', '2014-09-26 00:00:00', 'True', '2014-10-02 00:00:00', 'pdf', ''),
(210, 201410, '22.5', 'True', '2014-10-27 00:00:00', 'True', '2014-10-28 00:00:00', 'pdf', ''),
(210, 201411, '20.0', 'True', '2014-11-24 00:00:00', 'True', '2014-12-04 00:00:00', 'pdf', ''),
(210, 201412, '22.0', 'True', '2015-01-06 00:00:00', 'False', '', '', ''),
(211, 201404, '21.0', 'True', '', 'True', '', '', ''),
(211, 201405, '19.0', 'True', '', 'True', '', '', ''),
(211, 201406, '20.0', 'True', '', 'True', '', '', ''),
(212, 201407, '22.0', 'True', '2014-07-28 00:00:00', 'True', '2014-07-31 00:00:00', 'pdf', ''),
(212, 201408, '19.0', 'True', '2014-08-27 00:00:00', 'True', '2014-09-03 00:00:00', 'pdf', ''),
(213, 201409, '21.5', 'True', '2014-09-26 00:00:00', 'True', '2014-09-30 00:00:00', 'pdf', ''),
(214, 201404, '21.0', 'True', '', 'True', '', '', ''),
(214, 201405, '19.0', 'True', '', 'True', '', '', ''),
(214, 201406, '20.0', 'True', '', 'True', '', '', ''),
(215, 201407, '22.0', 'True', '2014-07-28 00:00:00', 'True', '2014-07-31 00:00:00', 'pdf', ''),
(215, 201408, '14.0', 'True', '2014-08-27 00:00:00', 'True', '2014-09-03 00:00:00', 'pdf', ''),
(216, 201409, '22.5', 'True', '2014-09-26 00:00:00', 'True', '2014-10-07 00:00:00', 'pdf', ''),
(217, 201407, '22.0', 'True', '2014-07-28 00:00:00', 'True', '2014-08-20 00:00:00', 'pdf', ''),
(218, 201408, '20.0', 'True', '2014-08-26 00:00:00', 'True', '2014-08-26 00:00:00', 'pdf', ''),
(219, 201409, '22.0', 'True', '2014-09-26 00:00:00', 'True', '2014-09-30 00:00:00', 'pdf', ''),
(219, 201410, '23.0', 'True', '2014-10-27 00:00:00', 'True', '2014-10-31 00:00:00', 'pdf', ''),
(219, 201411, '18.5', 'True', '2014-11-24 00:00:00', 'True', '2014-12-01 00:00:00', 'pdf', ''),
(219, 201412, '22.0', 'True', '2014-12-29 00:00:00', 'True', '2014-12-31 00:00:00', 'pdf', ''),
(219, 201501, '19.0', 'True', '2015-01-28 00:00:00', 'True', '2015-02-02 00:00:00', 'pdf', ''),
(219, 201502, '20.0', 'True', '2015-02-25 00:00:00', 'True', '2015-03-03 00:00:00', 'pdf', ''),
(219, 201503, '22.0', 'True', '2015-03-27 00:00:00', 'True', '2015-03-31 00:00:00', 'pdf', ''),
(219, 201504, '3.0', 'True', '2015-04-27 00:00:00', 'True', '2015-04-27 00:00:00', 'pdf', ''),
(220, 201405, '19.0', 'True', '', 'True', '', '', ''),
(220, 201406, '20.0', 'True', '', 'True', '', '', ''),
(221, 201407, '18.0', 'True', '2014-07-24 00:00:00', 'True', '2014-08-01 00:00:00', 'pdf', ''),
(221, 201408, '20.0', 'True', '2014-08-27 00:00:00', 'True', '2014-08-28 00:00:00', 'pdf', ''),
(222, 201409, '16.0', 'True', '2014-09-26 00:00:00', 'True', '2014-09-30 00:00:00', 'pdf', ''),
(223, 201407, '7.0', 'True', '2014-07-28 00:00:00', 'True', '2014-08-21 00:00:00', 'pdf', '');
INSERT INTO `inter_jo` (`int_id`, `anneemois`, `nb_jo`, `cra_sent`, `cra_sentdate`, `cra_rec`, `cra_recdate`, `cra_recext`, `int_fact`) VALUES
(223, 201408, '20.0', 'True', '2014-08-27 00:00:00', 'True', '2014-09-02 00:00:00', 'pdf', ''),
(223, 201409, '20.0', 'True', '2014-09-26 00:00:00', 'True', '2014-10-03 00:00:00', 'pdf', ''),
(224, 201407, '21.5', 'True', '2014-07-28 00:00:00', 'True', '2014-08-01 00:00:00', 'pdf', ''),
(224, 201408, '19.0', 'True', '2014-08-27 00:00:00', 'True', '2014-08-29 00:00:00', 'pdf', ''),
(225, 201409, '18.5', 'True', '2014-10-02 00:00:00', 'True', '2014-10-02 00:00:00', 'pdf', ''),
(228, 201406, '4.5', 'True', '2014-07-24 00:00:00', 'True', '2014-07-24 00:00:00', '', ''),
(228, 201407, '22.0', 'True', '2014-07-28 00:00:00', 'True', '2014-07-31 00:00:00', 'jpg', ''),
(228, 201408, '20.0', 'True', '2014-09-19 00:00:00', 'True', '2014-09-29 00:00:00', 'pdf', ''),
(229, 201406, '4.0', 'True', '2014-07-24 00:00:00', 'True', '2014-07-24 00:00:00', '', ''),
(229, 201407, '18.0', 'True', '2014-07-29 00:00:00', 'True', '2014-08-21 00:00:00', 'pdf', ''),
(229, 201408, '14.0', 'True', '2014-08-27 00:00:00', 'True', '2014-09-02 00:00:00', 'pdf', ''),
(229, 201409, '21.0', 'True', '2014-09-26 00:00:00', 'True', '2014-10-06 00:00:00', 'pdf', ''),
(229, 201410, '23.0', 'True', '2014-10-27 00:00:00', 'True', '2014-11-03 00:00:00', 'pdf', ''),
(229, 201411, '18.0', 'True', '2014-11-24 00:00:00', 'True', '2014-12-02 00:00:00', 'pdf', ''),
(229, 201412, '20.5', 'True', '2014-12-29 00:00:00', 'True', '2015-01-05 00:00:00', 'pdf', ''),
(230, 201407, '0.5', 'True', '', 'True', '', '', ''),
(231, 201407, '0.5', 'True', '', 'True', '', '', ''),
(232, 201407, '9.0', 'True', '2014-07-29 00:00:00', 'True', '2014-08-19 00:00:00', 'pdf', ''),
(232, 201408, '7.0', 'True', '2014-09-09 00:00:00', 'True', '2014-09-09 00:00:00', 'pdf', ''),
(233, 201401, '22.0', 'True', '2014-07-24 00:00:00', 'True', '2014-07-24 00:00:00', '', ''),
(233, 201402, '20.0', 'True', '2014-07-24 00:00:00', 'True', '2014-07-24 00:00:00', '', ''),
(233, 201403, '21.0', 'True', '2014-07-24 00:00:00', 'True', '2014-07-24 00:00:00', '', ''),
(233, 201404, '21.0', 'True', '2014-07-24 00:00:00', 'True', '2014-07-24 00:00:00', '', ''),
(233, 201405, '19.0', 'True', '2014-07-24 00:00:00', 'True', '2014-07-24 00:00:00', '', ''),
(233, 201406, '20.0', 'True', '2014-07-24 00:00:00', 'True', '2014-07-24 00:00:00', '', ''),
(233, 201407, '22.0', 'True', '2014-07-28 00:00:00', 'True', '2014-08-01 00:00:00', 'pdf', ''),
(233, 201408, '11.0', 'True', '2014-08-27 00:00:00', 'True', '2014-09-02 00:00:00', 'pdf', ''),
(233, 201409, '22.0', 'True', '2014-09-26 00:00:00', 'True', '2014-10-01 00:00:00', 'pdf', ''),
(233, 201410, '23.0', 'True', '2014-10-27 00:00:00', 'True', '2014-10-30 00:00:00', 'pdf', ''),
(233, 201411, '18.0', 'True', '2014-11-24 00:00:00', 'True', '2014-12-05 00:00:00', 'pdf', ''),
(233, 201412, '18.0', 'True', '2014-12-30 00:00:00', 'True', '2015-01-16 00:00:00', 'pdf', ''),
(234, 201401, '22.0', 'True', '2014-07-24 00:00:00', 'True', '2014-07-24 00:00:00', '', ''),
(234, 201402, '20.0', 'True', '2014-07-24 00:00:00', 'True', '2014-07-24 00:00:00', '', ''),
(234, 201403, '21.0', 'True', '2014-07-24 00:00:00', 'True', '2014-07-24 00:00:00', '', ''),
(234, 201404, '21.0', 'True', '2014-07-24 00:00:00', 'True', '2014-07-24 00:00:00', '', ''),
(234, 201405, '19.0', 'True', '2014-07-24 00:00:00', 'True', '2014-07-24 00:00:00', '', ''),
(234, 201406, '20.0', 'True', '2014-07-24 00:00:00', 'True', '2014-07-24 00:00:00', '', ''),
(234, 201407, '22.0', 'True', '2014-07-28 00:00:00', 'True', '2014-08-01 00:00:00', 'pdf', ''),
(234, 201408, '10.0', 'True', '2014-08-27 00:00:00', 'True', '2014-08-29 00:00:00', 'pdf', ''),
(234, 201409, '22.0', 'True', '2014-09-26 00:00:00', 'True', '2014-09-30 00:00:00', 'pdf', ''),
(234, 201410, '23.0', 'True', '2014-10-27 00:00:00', 'True', '2014-10-29 00:00:00', 'pdf', ''),
(234, 201411, '19.0', 'True', '2014-11-24 00:00:00', 'True', '2014-12-01 00:00:00', 'pdf', ''),
(234, 201412, '22.0', 'True', '2014-12-30 00:00:00', 'True', '2014-12-30 00:00:00', 'pdf', ''),
(235, 201310, '13.0', 'True', '2014-07-24 00:00:00', 'True', '2014-07-24 00:00:00', '', ''),
(235, 201311, '19.0', 'True', '2014-07-24 00:00:00', 'True', '2014-07-24 00:00:00', '', ''),
(235, 201312, '21.0', 'True', '2014-07-24 00:00:00', 'True', '2014-07-24 00:00:00', '', ''),
(235, 201401, '22.0', 'True', '2014-07-24 00:00:00', 'True', '2014-07-24 00:00:00', '', ''),
(235, 201402, '20.0', 'True', '2014-07-24 00:00:00', 'True', '2014-07-24 00:00:00', '', ''),
(235, 201403, '21.0', 'True', '2014-07-24 00:00:00', 'True', '2014-07-24 00:00:00', '', ''),
(235, 201404, '21.0', 'True', '2014-07-24 00:00:00', 'True', '2014-07-24 00:00:00', '', ''),
(235, 201405, '19.0', 'True', '2014-07-24 00:00:00', 'True', '2014-07-24 00:00:00', '', ''),
(235, 201406, '20.0', 'True', '2014-07-24 00:00:00', 'True', '2014-07-24 00:00:00', '', ''),
(235, 201407, '22.0', 'True', '2014-07-28 00:00:00', 'True', '2014-07-31 00:00:00', 'pdf', ''),
(235, 201408, '19.0', 'True', '2014-08-27 00:00:00', 'True', '2014-08-28 00:00:00', 'pdf', ''),
(235, 201409, '12.0', 'True', '2014-09-26 00:00:00', 'True', '2014-09-30 00:00:00', 'pdf', ''),
(235, 201410, '23.0', 'True', '2014-10-30 00:00:00', 'True', '2014-10-31 00:00:00', 'pdf', ''),
(235, 201411, '19.0', 'True', '2014-11-25 00:00:00', 'True', '2014-12-02 00:00:00', 'pdf', ''),
(235, 201412, '16.5', 'True', '2014-12-30 00:00:00', 'True', '2014-12-31 00:00:00', 'pdf', ''),
(238, 201407, '7.0', 'True', '2014-07-29 00:00:00', 'True', '2014-08-21 00:00:00', 'pdf', ''),
(239, 201407, '1.0', 'True', '2014-08-21 00:00:00', 'True', '2014-08-21 00:00:00', 'pdf', ''),
(239, 201408, '20.0', 'True', '2014-08-27 00:00:00', 'True', '2014-09-01 00:00:00', 'pdf', ''),
(240, 201407, '8.0', 'True', '2014-07-29 00:00:00', 'True', '2014-08-01 00:00:00', 'pdf', ''),
(240, 201408, '20.0', 'True', '2014-08-27 00:00:00', 'True', '2014-09-02 00:00:00', 'pdf', ''),
(240, 201409, '5.0', 'True', '2014-09-04 00:00:00', 'True', '2014-09-05 00:00:00', 'pdf', ''),
(241, 201408, '16.0', 'False', '', 'False', '', '', ''),
(241, 201409, '10.0', 'True', '2014-10-03 00:00:00', 'True', '2014-10-06 00:00:00', 'pdf', ''),
(242, 201406, '1.0', 'True', '2014-07-29 00:00:00', 'True', '2014-07-29 00:00:00', '', ''),
(242, 201407, '13.0', 'True', '2014-08-21 00:00:00', 'True', '2014-08-21 00:00:00', 'pdf', ''),
(242, 201408, '18.0', 'True', '2014-08-27 00:00:00', 'True', '2014-09-02 00:00:00', 'pdf', ''),
(242, 201409, '22.0', 'True', '2014-09-26 00:00:00', 'True', '2014-10-01 00:00:00', 'pdf', ''),
(242, 201410, '22.0', 'True', '2014-10-30 00:00:00', 'True', '2014-11-04 00:00:00', 'pdf', ''),
(242, 201411, '19.0', 'True', '2014-11-25 00:00:00', 'True', '2014-12-05 00:00:00', 'pdf', ''),
(242, 201412, '17.0', 'True', '2014-12-30 00:00:00', 'True', '2015-01-06 00:00:00', 'pdf', ''),
(242, 201501, '21.0', 'True', '2015-01-28 00:00:00', 'True', '2015-02-02 00:00:00', 'pdf', ''),
(242, 201502, '19.0', 'True', '2015-02-25 00:00:00', 'True', '2015-02-27 00:00:00', 'pdf', ''),
(242, 201503, '20.0', 'True', '2015-03-30 00:00:00', 'True', '2015-03-31 00:00:00', 'pdf', ''),
(242, 201504, '20.0', 'True', '2015-04-28 00:00:00', 'True', '2015-05-04 00:00:00', 'pdf', ''),
(242, 201505, '17.0', 'True', '2015-05-26 00:00:00', 'True', '2015-06-01 00:00:00', 'pdf', ''),
(242, 201506, '19.5', 'True', '2015-06-30 00:00:00', 'True', '2015-07-01 00:00:00', 'pdf', ''),
(242, 201507, '14.0', 'True', '2015-07-28 00:00:00', 'True', '2015-07-31 00:00:00', 'pdf', ''),
(242, 201508, '20.5', 'True', '2015-08-20 00:00:00', 'True', '2015-09-14 00:00:00', 'pdf', ''),
(242, 201509, '22.0', 'True', '2015-09-28 00:00:00', 'True', '2015-09-30 00:00:00', 'pdf', ''),
(242, 201510, '22.0', 'True', '2015-10-27 00:00:00', 'False', '', '', ''),
(242, 201511, '20.0', 'False', '', 'False', '', '', ''),
(242, 201512, '22.0', 'False', '', 'False', '', '', ''),
(243, 201406, '11.0', 'True', '2014-07-29 00:00:00', 'True', '2014-07-29 00:00:00', '', ''),
(243, 201407, '22.0', 'True', '2014-07-28 00:00:00', 'True', '2014-08-21 00:00:00', 'pdf', ''),
(243, 201408, '20.0', 'True', '2014-08-27 00:00:00', 'True', '2014-09-05 00:00:00', 'pdf', ''),
(243, 201409, '19.0', 'True', '2014-09-26 00:00:00', 'True', '2014-09-29 00:00:00', 'pdf', ''),
(243, 201410, '21.0', 'True', '2014-10-27 00:00:00', 'True', '2014-10-28 00:00:00', 'pdf', ''),
(243, 201411, '19.0', 'True', '2014-11-25 00:00:00', 'True', '2014-12-01 00:00:00', 'pdf', ''),
(243, 201412, '22.0', 'True', '2014-12-30 00:00:00', 'True', '2014-12-31 00:00:00', 'pdf', ''),
(243, 201501, '21.0', 'True', '2015-01-28 00:00:00', 'True', '2015-02-02 00:00:00', 'pdf', ''),
(243, 201502, '10.0', 'True', '2015-02-25 00:00:00', 'True', '2015-03-02 00:00:00', 'pdf', ''),
(243, 201503, '22.0', 'True', '2015-03-30 00:00:00', 'True', '2015-03-31 00:00:00', 'pdf', ''),
(243, 201504, '22.5', 'True', '2015-04-28 00:00:00', 'True', '2015-05-05 00:00:00', 'pdf', ''),
(243, 201505, '19.0', 'True', '2015-05-26 00:00:00', 'True', '2015-06-01 00:00:00', 'pdf', ''),
(243, 201506, '22.0', 'True', '2015-06-29 00:00:00', 'True', '2015-06-30 00:00:00', 'pdf', ''),
(243, 201507, '22.0', 'True', '2015-07-28 00:00:00', 'True', '2015-07-29 00:00:00', 'pdf', ''),
(243, 201508, '19.0', 'True', '2015-08-20 00:00:00', 'True', '2015-09-14 00:00:00', 'pdf', ''),
(243, 201509, '18.0', 'True', '2015-09-28 00:00:00', 'True', '2015-10-05 00:00:00', 'pdf', ''),
(243, 201510, '20.0', 'True', '2015-10-27 00:00:00', 'False', '', '', ''),
(243, 201511, '20.0', 'False', '', 'False', '', '', ''),
(243, 201512, '22.0', 'False', '', 'False', '', '', ''),
(244, 201403, '5.0', 'True', '2014-07-29 00:00:00', 'True', '2014-07-29 00:00:00', '', ''),
(244, 201404, '21.0', 'True', '2014-07-29 00:00:00', 'True', '2014-07-29 00:00:00', '', ''),
(244, 201405, '19.0', 'True', '2014-07-29 00:00:00', 'True', '2014-07-29 00:00:00', '', ''),
(244, 201406, '20.0', 'True', '2014-07-29 00:00:00', 'True', '2014-07-29 00:00:00', '', ''),
(244, 201407, '22.0', 'True', '2014-07-28 00:00:00', 'True', '2014-08-21 00:00:00', 'pdf', ''),
(244, 201408, '20.0', 'True', '2014-08-27 00:00:00', 'True', '2014-09-01 00:00:00', 'pdf', ''),
(244, 201409, '19.0', 'True', '2014-09-26 00:00:00', 'True', '2014-10-03 00:00:00', 'pdf', ''),
(244, 201410, '23.0', 'True', '2014-10-27 00:00:00', 'True', '2014-11-05 00:00:00', 'pdf', ''),
(244, 201411, '11.0', 'True', '2014-11-25 00:00:00', 'True', '2014-11-25 00:00:00', 'pdf', ''),
(244, 201412, '13.5', 'True', '2015-01-02 00:00:00', 'False', '', '', ''),
(245, 201305, '16.0', 'True', '2014-07-29 00:00:00', 'True', '2014-07-29 00:00:00', '', ''),
(245, 201306, '17.0', 'True', '2014-07-29 00:00:00', 'True', '2014-07-29 00:00:00', '', ''),
(245, 201307, '20.0', 'True', '2014-07-29 00:00:00', 'True', '2014-07-29 00:00:00', '', ''),
(245, 201308, '18.0', 'True', '2014-07-29 00:00:00', 'True', '2014-07-29 00:00:00', '', ''),
(245, 201309, '18.0', 'True', '2014-07-29 00:00:00', 'True', '2014-07-29 00:00:00', '', ''),
(245, 201310, '20.0', 'True', '2014-07-29 00:00:00', 'True', '2014-07-29 00:00:00', '', ''),
(245, 201311, '16.0', 'True', '2014-07-29 00:00:00', 'True', '2014-07-29 00:00:00', '', ''),
(245, 201312, '18.0', 'True', '2014-07-29 00:00:00', 'True', '2014-07-29 00:00:00', '', ''),
(245, 201401, '19.0', 'True', '2014-07-29 00:00:00', 'True', '2014-07-29 00:00:00', '', ''),
(245, 201402, '17.0', 'True', '2014-07-29 00:00:00', 'True', '2014-07-29 00:00:00', '', ''),
(245, 201403, '18.0', 'True', '2014-07-29 00:00:00', 'True', '2014-07-29 00:00:00', '', ''),
(245, 201404, '18.0', 'True', '2014-07-29 00:00:00', 'True', '2014-07-29 00:00:00', '', ''),
(245, 201405, '16.0', 'True', '2014-07-29 00:00:00', 'True', '2014-07-29 00:00:00', '', ''),
(245, 201406, '17.0', 'True', '2014-07-28 00:00:00', 'True', '2014-07-29 00:00:00', 'pdf', ''),
(245, 201407, '19.0', 'True', '2014-07-28 00:00:00', 'True', '2014-08-20 00:00:00', 'pdf', ''),
(245, 201408, '15.0', 'True', '2014-08-27 00:00:00', 'True', '2014-09-19 00:00:00', 'pdf', ''),
(245, 201409, '16.0', 'True', '2014-09-26 00:00:00', 'True', '2014-10-03 00:00:00', 'pdf', ''),
(245, 201410, '23.0', 'True', '2014-10-30 00:00:00', 'True', '2014-11-04 00:00:00', 'pdf', ''),
(245, 201411, '19.0', 'True', '2014-11-25 00:00:00', 'True', '2014-12-05 00:00:00', 'pdf', ''),
(245, 201412, '17.0', 'True', '2015-01-07 00:00:00', 'True', '2015-01-07 00:00:00', 'pdf', ''),
(245, 201501, '0.0', 'True', '2015-01-30 00:00:00', 'True', '2015-02-06 00:00:00', 'pdf', ''),
(245, 201502, '14.0', 'True', '2015-02-25 00:00:00', 'True', '2015-03-03 00:00:00', 'pdf', ''),
(245, 201503, '22.0', 'True', '2015-03-30 00:00:00', 'True', '2015-04-03 00:00:00', 'pdf', ''),
(245, 201504, '21.0', 'True', '2015-05-05 00:00:00', 'True', '2015-05-06 00:00:00', 'pdf', ''),
(245, 201505, '11.0', 'True', '2015-05-26 00:00:00', 'True', '2015-06-01 00:00:00', 'pdf', ''),
(245, 201506, '18.0', 'True', '2015-06-30 00:00:00', 'True', '2015-07-06 00:00:00', 'pdf', ''),
(245, 201507, '22.0', 'True', '2015-07-28 00:00:00', 'True', '2015-07-30 00:00:00', 'pdf', ''),
(245, 201508, '21.0', 'True', '2015-08-21 00:00:00', 'True', '2015-09-14 00:00:00', 'pdf', ''),
(245, 201509, '14.0', 'True', '2015-09-28 00:00:00', 'True', '2015-10-12 00:00:00', 'pdf', ''),
(245, 201510, '22.0', 'True', '2015-10-27 00:00:00', 'False', '', '', ''),
(245, 201511, '20.0', 'False', '', 'False', '', '', ''),
(245, 201512, '22.0', 'False', '', 'False', '', '', ''),
(246, 201407, '13.0', 'True', '2014-07-29 00:00:00', 'True', '2014-08-01 00:00:00', 'pdf', ''),
(246, 201408, '19.0', 'True', '2014-08-27 00:00:00', 'True', '2014-09-02 00:00:00', 'pdf', ''),
(246, 201409, '22.0', 'True', '2014-09-30 00:00:00', 'True', '2014-09-30 00:00:00', 'pdf', ''),
(246, 201410, '21.5', 'True', '2014-10-27 00:00:00', 'True', '2014-11-03 00:00:00', 'pdf', ''),
(246, 201411, '19.5', 'True', '2014-11-24 00:00:00', 'True', '2014-12-01 00:00:00', 'pdf', ''),
(246, 201412, '21.5', 'True', '2014-12-30 00:00:00', 'True', '2015-01-05 00:00:00', 'pdf', ''),
(246, 201501, '19.0', 'True', '2015-01-28 00:00:00', 'True', '2015-01-30 00:00:00', 'pdf', ''),
(246, 201502, '20.0', 'True', '2015-02-25 00:00:00', 'True', '2015-02-27 00:00:00', 'pdf', ''),
(246, 201503, '21.5', 'True', '2015-03-30 00:00:00', 'True', '2015-03-31 00:00:00', 'pdf', ''),
(247, 201407, '3.0', 'True', '2014-07-28 00:00:00', 'True', '2014-08-20 00:00:00', 'pdf', ''),
(249, 201407, '9.0', 'True', '2014-07-29 00:00:00', 'True', '2014-08-19 00:00:00', 'pdf', ''),
(249, 201408, '11.0', 'True', '2014-09-09 00:00:00', 'True', '2014-09-09 00:00:00', 'pdf', ''),
(250, 201405, '19.0', 'True', '2014-07-29 00:00:00', 'True', '2014-07-29 00:00:00', '', ''),
(250, 201406, '20.0', 'True', '2014-07-29 00:00:00', 'True', '2014-07-29 00:00:00', '', ''),
(250, 201407, '22.0', 'True', '2014-07-28 00:00:00', 'True', '2014-07-29 00:00:00', 'pdf', ''),
(250, 201408, '20.0', 'True', '2014-08-27 00:00:00', 'True', '2014-08-29 00:00:00', 'pdf', ''),
(250, 201409, '22.0', 'True', '2014-09-26 00:00:00', 'True', '2014-09-29 00:00:00', 'pdf', ''),
(250, 201410, '23.0', 'True', '2014-10-27 00:00:00', 'True', '2014-10-28 00:00:00', 'pdf', ''),
(250, 201411, '19.0', 'True', '2014-11-25 00:00:00', 'True', '2014-11-25 00:00:00', 'pdf', ''),
(250, 201412, '22.0', 'True', '2014-12-29 00:00:00', 'True', '2014-12-30 00:00:00', 'pdf', ''),
(251, 201407, '16.0', 'True', '2014-07-28 00:00:00', 'True', '2014-07-30 00:00:00', 'pdf', ''),
(251, 201408, '0.0', 'True', '2014-08-27 00:00:00', 'True', '2014-09-02 00:00:00', 'pdf', ''),
(251, 201409, '22.0', 'True', '2014-09-26 00:00:00', 'True', '2014-09-29 00:00:00', 'pdf', ''),
(251, 201410, '23.0', 'True', '2014-10-27 00:00:00', 'True', '2014-10-28 00:00:00', 'pdf', ''),
(254, 201405, '14.0', 'True', '2014-07-29 00:00:00', 'True', '2014-07-29 00:00:00', '', ''),
(254, 201406, '20.0', 'True', '2014-07-29 00:00:00', 'True', '2014-07-29 00:00:00', '', ''),
(254, 201407, '22.0', 'True', '2014-07-28 00:00:00', 'True', '2014-08-19 00:00:00', 'JPG', ''),
(255, 201408, '20.0', 'True', '2014-08-27 00:00:00', 'True', '2014-08-28 00:00:00', 'jpg', ''),
(255, 201409, '22.0', 'True', '2014-09-26 00:00:00', 'True', '2014-09-30 00:00:00', 'pdf', ''),
(255, 201410, '12.0', 'True', '2014-10-27 00:00:00', 'True', '2014-11-04 00:00:00', 'JPG', ''),
(255, 201411, '18.0', 'True', '2014-11-25 00:00:00', 'True', '2014-11-26 00:00:00', 'pdf', ''),
(255, 201412, '18.0', 'True', '2014-12-30 00:00:00', 'True', '2015-01-05 00:00:00', 'pdf', ''),
(257, 201406, '11.0', 'True', '', 'True', '', '', ''),
(257, 201407, '9.0', 'True', '', 'True', '', '', ''),
(258, 201408, '9.0', 'True', '2014-09-09 00:00:00', 'True', '2014-09-09 00:00:00', 'pdf', ''),
(259, 201209, '10.0', 'True', '2014-07-31 00:00:00', 'True', '2014-07-31 00:00:00', '', ''),
(259, 201210, '23.0', 'True', '2014-07-31 00:00:00', 'True', '2014-07-31 00:00:00', '', ''),
(259, 201211, '21.0', 'True', '2014-07-31 00:00:00', 'True', '2014-07-31 00:00:00', '', ''),
(259, 201212, '20.0', 'True', '2014-07-31 00:00:00', 'True', '2014-07-31 00:00:00', '', ''),
(259, 201301, '22.0', 'True', '2014-07-31 00:00:00', 'True', '2014-07-31 00:00:00', '', ''),
(259, 201302, '20.0', 'True', '2014-07-31 00:00:00', 'True', '2014-07-31 00:00:00', '', ''),
(259, 201303, '21.0', 'True', '2014-07-31 00:00:00', 'True', '2014-07-31 00:00:00', '', ''),
(259, 201304, '21.0', 'True', '2014-07-31 00:00:00', 'True', '2014-07-31 00:00:00', '', ''),
(259, 201305, '19.0', 'True', '2014-07-31 00:00:00', 'True', '2014-07-31 00:00:00', '', ''),
(259, 201306, '20.0', 'True', '2014-07-31 00:00:00', 'True', '2014-07-31 00:00:00', '', ''),
(259, 201307, '23.0', 'True', '2014-07-31 00:00:00', 'True', '2014-07-31 00:00:00', '', ''),
(259, 201308, '21.0', 'True', '2014-07-31 00:00:00', 'True', '2014-07-31 00:00:00', '', ''),
(259, 201309, '21.0', 'True', '2014-07-31 00:00:00', 'True', '2014-07-31 00:00:00', '', ''),
(259, 201310, '23.0', 'True', '2014-07-31 00:00:00', 'True', '2014-07-31 00:00:00', '', ''),
(259, 201311, '19.0', 'True', '2014-07-31 00:00:00', 'True', '2014-07-31 00:00:00', '', ''),
(259, 201312, '21.0', 'True', '2014-07-31 00:00:00', 'True', '2014-07-31 00:00:00', '', ''),
(259, 201401, '22.0', 'True', '2014-07-31 00:00:00', 'True', '2014-07-31 00:00:00', '', ''),
(259, 201402, '20.0', 'True', '2014-07-31 00:00:00', 'True', '2014-07-31 00:00:00', '', ''),
(259, 201403, '21.0', 'True', '2014-07-31 00:00:00', 'True', '2014-07-31 00:00:00', '', ''),
(259, 201404, '21.0', 'True', '2014-07-31 00:00:00', 'True', '2014-07-31 00:00:00', '', ''),
(259, 201405, '19.0', 'True', '2014-07-31 00:00:00', 'True', '2014-07-31 00:00:00', '', ''),
(259, 201406, '10.0', 'True', '2014-07-31 00:00:00', 'True', '2014-07-31 00:00:00', '', ''),
(259, 201407, '13.0', 'True', '2014-07-28 00:00:00', 'True', '2014-07-31 00:00:00', '', ''),
(259, 201408, '20.0', 'True', '2014-08-27 00:00:00', 'True', '2014-09-03 00:00:00', 'pdf', ''),
(259, 201409, '22.0', 'True', '2014-09-26 00:00:00', 'True', '2014-10-08 00:00:00', 'pdf', ''),
(259, 201410, '20.0', 'True', '2014-10-30 00:00:00', 'True', '2014-11-04 00:00:00', 'pdf', ''),
(259, 201411, '7.0', 'True', '2014-12-02 00:00:00', 'True', '2015-01-16 00:00:00', 'pdf', ''),
(259, 201412, '0.0', 'True', '2015-01-02 00:00:00', 'True', '2015-01-02 00:00:00', 'pdf', ''),
(259, 201501, '15.0', 'True', '2015-01-30 00:00:00', 'True', '2015-02-02 00:00:00', 'pdf', ''),
(259, 201502, '20.0', 'True', '2015-02-25 00:00:00', 'True', '2015-03-03 00:00:00', 'pdf', ''),
(259, 201503, '21.0', 'True', '2015-03-27 00:00:00', 'True', '2015-03-31 00:00:00', 'pdf', ''),
(259, 201504, '21.0', 'True', '2015-04-27 00:00:00', 'True', '2015-04-28 00:00:00', 'pdf', ''),
(259, 201505, '15.0', 'True', '2015-05-28 00:00:00', 'True', '2015-05-29 00:00:00', 'pdf', ''),
(261, 201408, '2.0', 'True', '2014-09-03 00:00:00', 'True', '2014-09-24 00:00:00', 'pdf', ''),
(264, 201408, '15.0', 'True', '2014-08-27 00:00:00', 'True', '2014-09-01 00:00:00', 'JPG', ''),
(266, 201409, '22.0', 'True', '2014-09-26 00:00:00', 'True', '2014-10-08 00:00:00', 'pdf', ''),
(267, 201408, '8.0', 'True', '2014-09-03 00:00:00', 'True', '2014-09-29 00:00:00', 'pdf', ''),
(268, 201407, '6.5', 'True', '2014-09-02 00:00:00', 'True', '2014-09-09 00:00:00', 'pdf', ''),
(268, 201408, '17.0', 'True', '2014-09-02 00:00:00', 'True', '2014-09-09 00:00:00', 'pdf', ''),
(268, 201409, '20.0', 'True', '2014-09-26 00:00:00', 'True', '2014-10-02 00:00:00', 'pdf', ''),
(268, 201410, '22.0', 'True', '2014-10-27 00:00:00', 'True', '2014-11-03 00:00:00', 'pdf', ''),
(268, 201411, '5.5', 'True', '2014-11-24 00:00:00', 'True', '2014-12-02 00:00:00', 'pdf', ''),
(268, 201412, '9.5', 'True', '2015-01-07 00:00:00', 'True', '2015-01-08 00:00:00', 'pdf', ''),
(268, 201501, '4.0', 'True', '2015-01-28 00:00:00', 'True', '2015-01-29 00:00:00', 'pdf', ''),
(268, 201502, '14.0', 'True', '2015-02-25 00:00:00', 'True', '2015-02-27 00:00:00', 'pdf', ''),
(268, 201503, '10.0', 'True', '2015-03-30 00:00:00', 'True', '2015-04-03 00:00:00', 'pdf', ''),
(268, 201504, '12.0', 'True', '2015-04-28 00:00:00', 'True', '2015-05-04 00:00:00', 'pdf', ''),
(268, 201505, '9.0', 'True', '2015-06-01 00:00:00', 'True', '2015-06-03 00:00:00', 'pdf', ''),
(268, 201506, '6.0', 'True', '2015-06-29 00:00:00', 'True', '2015-07-06 00:00:00', 'pdf', ''),
(268, 201507, '2.0', 'True', '2015-07-29 00:00:00', 'True', '2015-08-14 00:00:00', 'pdf', ''),
(268, 201508, '12.5', 'True', '2015-08-24 00:00:00', 'True', '2015-09-14 00:00:00', 'pdf', ''),
(268, 201509, '20.0', 'True', '2015-09-30 00:00:00', 'True', '2015-10-01 00:00:00', 'pdf', ''),
(268, 201510, '13.0', 'True', '2015-10-27 00:00:00', 'False', '', '', ''),
(268, 201511, '20.0', 'False', '', 'False', '', '', ''),
(268, 201512, '22.0', 'False', '', 'False', '', '', ''),
(269, 201407, '9.0', 'True', '2014-09-03 00:00:00', 'True', '2014-09-19 00:00:00', 'pdf', ''),
(272, 201408, '2.0', 'True', '2014-09-03 00:00:00', 'True', '2014-09-29 00:00:00', 'pdf', ''),
(273, 201407, '12.0', 'True', '2014-09-05 00:00:00', 'True', '2014-09-09 00:00:00', 'pdf', ''),
(273, 201408, '1.0', 'True', '2014-09-05 00:00:00', 'True', '2014-09-09 00:00:00', 'pdf', ''),
(274, 201409, '8.0', 'True', '2014-09-17 00:00:00', 'True', '2014-09-22 00:00:00', 'jpg', ''),
(275, 201409, '1.0', 'True', '2014-09-24 00:00:00', 'True', '2014-10-06 00:00:00', 'pdf', ''),
(276, 201409, '8.0', 'True', '2014-09-17 00:00:00', 'True', '2014-09-19 00:00:00', 'pdf', ''),
(277, 201409, '9.0', 'True', '2014-09-25 00:00:00', 'True', '2014-09-29 00:00:00', 'pdf', ''),
(278, 201409, '19.0', 'True', '2014-09-26 00:00:00', 'True', '2014-09-29 00:00:00', 'jpg', ''),
(278, 201410, '22.5', 'True', '2014-10-27 00:00:00', 'True', '2014-10-31 00:00:00', 'pdf', ''),
(278, 201411, '18.0', 'True', '2014-11-25 00:00:00', 'True', '2014-12-01 00:00:00', 'pdf', ''),
(278, 201412, '22.0', 'True', '2014-12-29 00:00:00', 'True', '2014-12-31 00:00:00', 'pdf', ''),
(279, 201409, '15.0', 'True', '2014-09-29 00:00:00', 'True', '2014-10-03 00:00:00', 'pdf', ''),
(280, 201409, '0.0', 'True', '2014-09-10 00:00:00', 'True', '2014-09-15 00:00:00', 'pdf', ''),
(281, 201409, '2.0', 'True', '2014-09-10 00:00:00', 'True', '2014-09-19 00:00:00', 'pdf', ''),
(282, 201409, '1.0', 'True', '2014-09-19 00:00:00', 'True', '2014-09-24 00:00:00', 'pdf', ''),
(283, 201409, '1.0', 'True', '2014-09-24 00:00:00', 'True', '2014-09-24 00:00:00', 'pdf', ''),
(284, 201409, '1.0', 'True', '2014-09-10 00:00:00', 'True', '2014-09-19 00:00:00', 'pdf', ''),
(285, 201409, '1.0', 'True', '2014-09-10 00:00:00', 'True', '2014-09-19 00:00:00', 'jpg', ''),
(286, 201407, '18.0', 'False', '', 'False', '', '', ''),
(287, 201407, '5.0', 'False', '', 'False', '', '', ''),
(289, 201407, '1.0', 'False', '', 'False', '', '', ''),
(290, 201407, '22.0', 'True', '2014-09-12 00:00:00', 'True', '2014-09-12 00:00:00', 'pdf', ''),
(291, 201409, '8.0', 'True', '2014-09-26 00:00:00', 'True', '2014-10-13 00:00:00', 'pdf', ''),
(292, 201410, '3.0', 'True', '2014-10-27 00:00:00', 'True', '2014-10-28 00:00:00', 'pdf', ''),
(293, 201410, '4.0', 'True', '2014-10-27 00:00:00', 'True', '2014-10-28 00:00:00', 'pdf', ''),
(295, 201409, '12.0', 'True', '2014-10-03 00:00:00', 'True', '2014-10-06 00:00:00', 'pdf', ''),
(295, 201410, '23.0', 'True', '2014-10-27 00:00:00', 'True', '2014-11-03 00:00:00', 'pdf', ''),
(295, 201411, '19.0', 'True', '2014-12-01 00:00:00', 'True', '2014-12-01 00:00:00', 'pdf', ''),
(295, 201412, '19.0', 'True', '2014-12-30 00:00:00', 'True', '2014-12-30 00:00:00', 'pdf', ''),
(295, 201501, '20.0', 'True', '2015-02-06 00:00:00', 'True', '2015-02-06 00:00:00', 'pdf', ''),
(295, 201502, '10.0', 'True', '2015-03-26 00:00:00', 'True', '2015-03-26 00:00:00', 'pdf', ''),
(296, 201409, '1.0', 'True', '2014-09-15 00:00:00', 'True', '2014-09-16 00:00:00', 'pdf', ''),
(297, 201409, '12.0', 'True', '2014-09-26 00:00:00', 'True', '2014-09-29 00:00:00', 'pdf', ''),
(297, 201410, '22.0', 'True', '2014-10-27 00:00:00', 'True', '2014-10-28 00:00:00', 'pdf', ''),
(297, 201411, '19.0', 'True', '2014-11-24 00:00:00', 'True', '2014-11-26 00:00:00', 'pdf', ''),
(297, 201412, '22.0', 'True', '2014-12-30 00:00:00', 'True', '2014-12-30 00:00:00', 'pdf', ''),
(297, 201501, '21.0', 'True', '2015-01-28 00:00:00', 'True', '2015-01-30 00:00:00', 'pdf', ''),
(297, 201502, '19.0', 'True', '2015-02-25 00:00:00', 'True', '2015-02-25 00:00:00', 'pdf', ''),
(297, 201503, '21.0', 'True', '2015-03-27 00:00:00', 'True', '2015-03-30 00:00:00', 'pdf', ''),
(297, 201504, '19.0', 'True', '2015-04-28 00:00:00', 'True', '2015-04-28 00:00:00', 'pdf', ''),
(297, 201505, '15.0', 'True', '2015-05-26 00:00:00', 'True', '2015-05-26 00:00:00', 'pdf', ''),
(298, 201409, '2.0', 'True', '2014-10-07 00:00:00', 'True', '2014-10-07 00:00:00', 'pdf', ''),
(298, 201410, '8.0', 'True', '2014-10-31 00:00:00', 'True', '2014-10-31 00:00:00', 'pdf', ''),
(299, 201408, '3.0', 'True', '2015-09-16 00:00:00', 'True', '2015-09-16 00:00:00', 'pdf', ''),
(299, 201409, '17.0', 'True', '2014-10-03 00:00:00', 'True', '2014-10-03 00:00:00', 'pdf', ''),
(299, 201410, '15.0', 'True', '2014-10-31 00:00:00', 'True', '2014-10-31 00:00:00', 'pdf', ''),
(299, 201411, '19.0', 'True', '2014-12-01 00:00:00', 'True', '2014-12-01 00:00:00', 'pdf', ''),
(299, 201412, '22.0', 'True', '2014-12-30 00:00:00', 'True', '2014-12-30 00:00:00', 'pdf', ''),
(299, 201501, '21.0', 'True', '2015-02-06 00:00:00', 'True', '2015-02-06 00:00:00', 'pdf', ''),
(299, 201502, '20.0', 'True', '2015-03-26 00:00:00', 'True', '2015-03-26 00:00:00', 'pdf', ''),
(299, 201503, '22.0', 'True', '2015-04-01 00:00:00', 'True', '2015-04-02 00:00:00', 'pdf', ''),
(299, 201504, '21.0', 'True', '2015-04-30 00:00:00', 'True', '2015-04-30 00:00:00', 'pdf', ''),
(299, 201505, '17.0', 'True', '2015-06-05 00:00:00', 'True', '2015-06-05 00:00:00', 'pdf', ''),
(299, 201506, '22.0', 'True', '2015-07-16 00:00:00', 'True', '2015-07-16 00:00:00', 'pdf', ''),
(299, 201507, '22.0', 'True', '2015-07-30 00:00:00', 'True', '2015-07-30 00:00:00', 'pdf', ''),
(299, 201508, '0.0', 'True', '2015-09-16 00:00:00', 'True', '2015-09-16 00:00:00', 'pdf', ''),
(300, 201410, '19.0', 'True', '2014-10-27 00:00:00', 'True', '2014-10-31 00:00:00', 'pdf', ''),
(300, 201411, '15.5', 'True', '2014-11-24 00:00:00', 'True', '2014-12-01 00:00:00', 'pdf', ''),
(301, 201410, '22.0', 'True', '2014-10-27 00:00:00', 'True', '2014-11-04 00:00:00', 'pdf', ''),
(301, 201411, '17.0', 'True', '2014-11-25 00:00:00', 'True', '2014-12-01 00:00:00', 'pdf', ''),
(301, 201412, '21.0', 'True', '2014-12-29 00:00:00', 'True', '2015-01-05 00:00:00', 'pdf', ''),
(301, 201501, '1.0', 'True', '2015-01-30 00:00:00', 'True', '2015-02-02 00:00:00', 'pdf', ''),
(302, 201410, '25.0', 'True', '2014-10-30 00:00:00', 'True', '2014-10-31 00:00:00', 'pdf', ''),
(302, 201411, '20.0', 'True', '2014-12-01 00:00:00', 'True', '2014-12-04 00:00:00', 'pdf', ''),
(302, 201412, '19.0', 'True', '2014-12-31 00:00:00', 'True', '2014-12-31 00:00:00', 'pdf', ''),
(302, 201501, '20.0', 'True', '2015-01-28 00:00:00', 'True', '2015-02-04 00:00:00', 'pdf', ''),
(303, 201409, '21.0', 'True', '2014-09-26 00:00:00', 'True', '2014-09-30 00:00:00', 'pdf', ''),
(304, 201410, '23.0', 'True', '2014-10-27 00:00:00', 'True', '2014-10-31 00:00:00', 'pdf', ''),
(304, 201411, '19.0', 'True', '2014-11-24 00:00:00', 'True', '2014-12-01 00:00:00', 'pdf', ''),
(305, 201410, '15.5', 'True', '2014-10-30 00:00:00', 'True', '2014-10-30 00:00:00', 'pdf', ''),
(305, 201411, '19.0', 'True', '2014-11-24 00:00:00', 'True', '2014-12-02 00:00:00', 'pdf', ''),
(305, 201412, '21.0', 'True', '2014-12-30 00:00:00', 'True', '2015-01-06 00:00:00', 'pdf', ''),
(305, 201501, '18.0', 'True', '2015-01-28 00:00:00', 'True', '2015-01-30 00:00:00', 'pdf', ''),
(305, 201502, '17.0', 'True', '2015-02-25 00:00:00', 'True', '2015-03-02 00:00:00', 'pdf', ''),
(305, 201503, '19.0', 'True', '2015-03-30 00:00:00', 'True', '2015-03-31 00:00:00', 'pdf', ''),
(305, 201504, '16.5', 'True', '2015-04-28 00:00:00', 'True', '2015-04-30 00:00:00', 'pdf', ''),
(305, 201505, '15.0', 'True', '2015-05-26 00:00:00', 'True', '2015-05-29 00:00:00', 'pdf', ''),
(305, 201506, '17.0', 'True', '2015-06-30 00:00:00', 'True', '2015-07-01 00:00:00', 'pdf', ''),
(305, 201507, '19.0', 'True', '2015-07-28 00:00:00', 'True', '2015-07-31 00:00:00', 'pdf', ''),
(305, 201508, '20.0', 'True', '2015-08-20 00:00:00', 'True', '2015-09-14 00:00:00', 'pdf', ''),
(305, 201509, '18.0', 'True', '2015-09-28 00:00:00', 'True', '2015-10-01 00:00:00', 'pdf', ''),
(305, 201510, '22.0', 'True', '2015-10-27 00:00:00', 'False', '', '', ''),
(305, 201511, '20.0', 'False', '', 'False', '', '', ''),
(305, 201512, '22.0', 'False', '', 'False', '', '', ''),
(306, 201410, '22.5', 'True', '2014-10-27 00:00:00', 'True', '2014-10-31 00:00:00', 'pdf', ''),
(306, 201411, '19.0', 'True', '2014-11-24 00:00:00', 'True', '2014-12-01 00:00:00', 'pdf', ''),
(306, 201412, '20.0', 'True', '2014-12-30 00:00:00', 'True', '2015-01-05 00:00:00', 'pdf', ''),
(306, 201501, '20.0', 'True', '2015-01-28 00:00:00', 'True', '2015-01-30 00:00:00', 'pdf', ''),
(306, 201502, '20.0', 'True', '2015-02-25 00:00:00', 'True', '2015-03-02 00:00:00', 'pdf', ''),
(306, 201503, '21.0', 'True', '2015-03-27 00:00:00', 'True', '2015-03-31 00:00:00', 'pdf', ''),
(307, 201409, '21.0', 'True', '2014-09-26 00:00:00', 'True', '2014-10-01 00:00:00', 'pdf', ''),
(307, 201410, '22.0', 'True', '2014-10-27 00:00:00', 'True', '2014-10-30 00:00:00', 'pdf', ''),
(307, 201411, '12.0', 'True', '2014-11-24 00:00:00', 'True', '2014-12-01 00:00:00', 'pdf', ''),
(307, 201412, '21.0', 'True', '2014-12-29 00:00:00', 'True', '2014-12-31 00:00:00', 'pdf', ''),
(309, 201409, '1.0', 'True', '2014-09-19 00:00:00', 'True', '2014-09-24 00:00:00', 'pdf', ''),
(310, 201409, '1.0', 'True', '2014-09-24 00:00:00', 'True', '2014-09-24 00:00:00', 'pdf', ''),
(311, 201410, '23.0', 'True', '2014-10-27 00:00:00', 'True', '2014-10-30 00:00:00', 'pdf', ''),
(311, 201411, '19.0', 'True', '2014-11-24 00:00:00', 'True', '2014-12-01 00:00:00', 'pdf', ''),
(311, 201412, '6.5', 'True', '2014-12-30 00:00:00', 'True', '2015-01-16 00:00:00', 'pdf', ''),
(312, 201307, '23.0', 'True', '2014-09-26 00:00:00', 'True', '2014-09-26 00:00:00', 'pdf', ''),
(312, 201308, '21.0', 'True', '2014-09-30 00:00:00', 'True', '2014-09-30 00:00:00', '', ''),
(312, 201309, '21.0', 'True', '2014-09-30 00:00:00', 'True', '2014-09-30 00:00:00', '', ''),
(312, 201310, '23.0', 'True', '2014-09-30 00:00:00', 'True', '2014-09-30 00:00:00', '', ''),
(312, 201311, '19.0', 'True', '2014-09-30 00:00:00', 'True', '2014-09-30 00:00:00', '', ''),
(312, 201312, '21.0', 'True', '2014-09-30 00:00:00', 'True', '2014-09-30 00:00:00', '', ''),
(312, 201401, '22.0', 'True', '2014-09-30 00:00:00', 'True', '2014-09-30 00:00:00', '', ''),
(312, 201402, '20.0', 'True', '2014-09-30 00:00:00', 'True', '2014-09-30 00:00:00', '', ''),
(312, 201403, '21.0', 'True', '2014-09-30 00:00:00', 'True', '2014-09-30 00:00:00', '', ''),
(312, 201404, '21.0', 'True', '2014-09-30 00:00:00', 'True', '2014-09-30 00:00:00', '', ''),
(312, 201405, '19.0', 'True', '2014-09-30 00:00:00', 'True', '2014-09-30 00:00:00', '', ''),
(312, 201406, '20.0', 'True', '2014-09-30 00:00:00', 'True', '2014-09-30 00:00:00', '', ''),
(312, 201407, '12.0', 'False', '', 'False', '', '', ''),
(312, 201408, '12.0', 'False', '', 'False', '', '', ''),
(312, 201409, '22.0', 'True', '2014-09-26 00:00:00', 'True', '2014-10-02 00:00:00', 'pdf', ''),
(312, 201410, '19.0', 'True', '2014-10-27 00:00:00', 'True', '2014-10-30 00:00:00', 'pdf', ''),
(312, 201411, '15.0', 'True', '2014-11-24 00:00:00', 'True', '2014-12-01 00:00:00', 'pdf', ''),
(312, 201412, '10.0', 'True', '2014-12-30 00:00:00', 'True', '2015-01-16 00:00:00', 'pdf', ''),
(312, 201501, '21.0', 'True', '2015-04-20 00:00:00', 'True', '2015-04-20 00:00:00', 'pdf', ''),
(312, 201502, '19.0', 'True', '2015-03-03 00:00:00', 'True', '2015-03-03 00:00:00', 'pdf', ''),
(312, 201503, '22.0', 'True', '2015-03-25 00:00:00', 'True', '2015-03-30 00:00:00', 'pdf', ''),
(313, 201409, '4.0', 'True', '2014-10-02 00:00:00', 'True', '2014-10-02 00:00:00', 'pdf', ''),
(313, 201410, '20.0', 'True', '2014-10-27 00:00:00', 'True', '2014-10-31 00:00:00', 'pdf', ''),
(313, 201411, '14.5', 'True', '2014-12-01 00:00:00', 'True', '2014-12-03 00:00:00', 'pdf', ''),
(313, 201412, '18.5', 'True', '2014-12-30 00:00:00', 'True', '2014-12-30 00:00:00', 'pdf', ''),
(313, 201501, '1.0', 'True', '2015-02-06 00:00:00', 'True', '2015-04-20 00:00:00', 'pdf', ''),
(314, 201409, '3.0', 'True', '2014-09-25 00:00:00', 'True', '2014-09-29 00:00:00', 'pdf', ''),
(315, 201408, '5.0', 'False', '', 'False', '', '', ''),
(316, 201408, '5.0', 'False', '', 'False', '', '', ''),
(318, 201409, '0.0', 'True', '2014-09-24 00:00:00', 'True', '2014-09-29 00:00:00', 'pdf', ''),
(319, 201409, '3.0', 'True', '2014-09-25 00:00:00', 'True', '2014-09-29 00:00:00', 'pdf', ''),
(322, 201409, '1.0', 'True', '2014-09-25 00:00:00', 'True', '2014-09-29 00:00:00', 'pdf', ''),
(323, 201409, '1.0', 'True', '2014-09-25 00:00:00', 'True', '2014-09-29 00:00:00', 'pdf', ''),
(328, 201409, '1.0', 'True', '2014-10-01 00:00:00', 'True', '2014-10-03 00:00:00', 'pdf', ''),
(328, 201410, '1.0', 'True', '2014-10-01 00:00:00', 'True', '2014-10-03 00:00:00', 'pdf', ''),
(329, 201409, '12.0', 'True', '2014-09-29 00:00:00', 'True', '2014-09-30 00:00:00', 'pdf', ''),
(329, 201410, '12.0', 'True', '2014-10-20 00:00:00', 'True', '2014-10-20 00:00:00', 'pdf', ''),
(330, 201409, '12.0', 'True', '2014-09-29 00:00:00', 'True', '2014-09-30 00:00:00', 'pdf', ''),
(330, 201410, '13.0', 'True', '2014-10-20 00:00:00', 'True', '2014-10-20 00:00:00', 'pdf', ''),
(331, 201409, '12.0', 'True', '2014-09-29 00:00:00', 'True', '2014-10-02 00:00:00', 'pdf', ''),
(332, 201409, '12.0', 'True', '2014-09-29 00:00:00', 'True', '2014-10-07 00:00:00', 'pdf', ''),
(333, 201409, '12.0', 'True', '2014-09-29 00:00:00', 'True', '2014-09-29 00:00:00', 'pdf', ''),
(333, 201410, '23.0', 'True', '2014-10-28 00:00:00', 'True', '2014-11-04 00:00:00', 'pdf', ''),
(333, 201411, '19.0', 'True', '2014-11-24 00:00:00', 'True', '2014-12-03 00:00:00', 'pdf', ''),
(333, 201412, '22.0', 'True', '2014-12-15 00:00:00', 'True', '2015-01-06 00:00:00', 'pdf', ''),
(333, 201501, '21.0', 'True', '2015-01-30 00:00:00', 'True', '2015-02-05 00:00:00', 'pdf', ''),
(333, 201502, '3.0', 'True', '2015-03-04 00:00:00', 'True', '2015-04-14 00:00:00', 'pdf', ''),
(335, 201410, '10.0', 'True', '2014-11-04 00:00:00', 'True', '2014-11-05 00:00:00', 'pdf', ''),
(336, 201410, '2.0', 'True', '2014-10-02 00:00:00', 'True', '2014-10-30 00:00:00', 'pdf', ''),
(338, 201410, '1.0', 'True', '2014-10-03 00:00:00', 'True', '2014-10-06 00:00:00', 'pdf', ''),
(339, 201410, '1.0', 'True', '2014-10-03 00:00:00', 'True', '2014-10-06 00:00:00', 'pdf', ''),
(340, 201410, '1.0', 'True', '2014-10-03 00:00:00', 'True', '2014-10-06 00:00:00', 'pdf', ''),
(341, 201410, '1.0', 'True', '2014-10-30 00:00:00', 'True', '2014-10-06 00:00:00', 'pdf', ''),
(342, 201410, '1.0', 'True', '2014-10-03 00:00:00', 'True', '2014-10-06 00:00:00', 'pdf', ''),
(347, 201410, '15.5', 'True', '2014-10-27 00:00:00', 'True', '2014-11-04 00:00:00', 'pdf', ''),
(348, 201409, '4.5', 'True', '2014-10-07 00:00:00', 'True', '2014-10-07 00:00:00', 'pdf', ''),
(350, 201409, '22.0', 'True', '2014-10-07 00:00:00', 'True', '2014-10-07 00:00:00', 'pdf', ''),
(350, 201410, '23.0', 'True', '2014-10-31 00:00:00', 'True', '2014-10-31 00:00:00', 'pdf', ''),
(350, 201411, '16.0', 'True', '2014-11-24 00:00:00', 'True', '2014-12-05 00:00:00', 'pdf', ''),
(350, 201412, '10.5', 'True', '2015-01-02 00:00:00', 'True', '2015-01-02 00:00:00', 'pdf', ''),
(350, 201501, '20.0', 'True', '2015-02-06 00:00:00', 'True', '2015-02-06 00:00:00', 'pdf', ''),
(350, 201502, '12.0', 'True', '2015-02-25 00:00:00', 'True', '2015-03-16 00:00:00', 'pdf', ''),
(350, 201503, '23.0', 'True', '2015-04-20 00:00:00', 'True', '2015-04-20 00:00:00', 'pdf', ''),
(350, 201504, '21.0', 'True', '2015-05-11 00:00:00', 'True', '2015-05-11 00:00:00', 'pdf', ''),
(350, 201505, '17.0', 'True', '2015-06-05 00:00:00', 'False', '', '', ''),
(350, 201506, '22.0', 'True', '2015-07-16 00:00:00', 'True', '2015-07-16 00:00:00', 'pdf', ''),
(350, 201507, '22.0', 'True', '2015-07-30 00:00:00', 'True', '2015-07-30 00:00:00', 'pdf', ''),
(350, 201508, '6.0', 'True', '2015-09-15 00:00:00', 'True', '2015-09-15 00:00:00', 'pdf', ''),
(350, 201509, '22.0', 'True', '2015-10-01 00:00:00', 'True', '2015-10-01 00:00:00', 'pdf', ''),
(350, 201510, '21.0', 'False', '', 'False', '', '', ''),
(350, 201511, '20.0', 'False', '', 'False', '', '', ''),
(350, 201512, '22.0', 'False', '', 'False', '', '', ''),
(352, 201409, '2.0', 'True', '2014-10-09 00:00:00', 'True', '2014-10-10 00:00:00', 'pdf', ''),
(352, 201410, '10.0', 'True', '2014-10-13 00:00:00', 'True', '2014-10-17 00:00:00', 'pdf', ''),
(353, 201410, '15.0', 'True', '2014-10-27 00:00:00', 'True', '2014-11-03 00:00:00', 'pdf', ''),
(353, 201411, '19.0', 'True', '2014-11-24 00:00:00', 'True', '2014-12-01 00:00:00', 'pdf', ''),
(355, 201410, '17.0', 'True', '2014-10-27 00:00:00', 'True', '2014-11-06 00:00:00', 'pdf', ''),
(355, 201411, '19.0', 'True', '2014-11-24 00:00:00', 'True', '2014-12-02 00:00:00', 'pdf', ''),
(355, 201412, '18.0', 'True', '2014-12-29 00:00:00', 'True', '2015-01-06 00:00:00', 'pdf', ''),
(358, 201410, '1.0', 'True', '2014-10-14 00:00:00', 'True', '2014-10-28 00:00:00', 'pdf', ''),
(359, 201410, '12.0', 'True', '2014-10-27 00:00:00', 'True', '2014-10-31 00:00:00', 'pdf', ''),
(359, 201411, '18.0', 'True', '2014-11-24 00:00:00', 'True', '2014-12-01 00:00:00', 'pdf', ''),
(359, 201412, '21.0', 'True', '2014-12-30 00:00:00', 'True', '2015-01-05 00:00:00', 'pdf', ''),
(359, 201501, '20.0', 'True', '2015-01-28 00:00:00', 'True', '2015-02-02 00:00:00', 'pdf', ''),
(359, 201502, '20.0', 'True', '2015-02-25 00:00:00', 'True', '2015-03-04 00:00:00', 'pdf', ''),
(359, 201503, '22.0', 'True', '2015-03-27 00:00:00', 'True', '2015-04-02 00:00:00', 'pdf', ''),
(359, 201504, '21.0', 'True', '2015-04-27 00:00:00', 'True', '2015-04-30 00:00:00', 'pdf', ''),
(359, 201505, '17.0', 'True', '2015-05-26 00:00:00', 'True', '2015-05-28 00:00:00', 'pdf', ''),
(359, 201506, '22.0', 'True', '2015-06-29 00:00:00', 'True', '2015-06-30 00:00:00', 'pdf', ''),
(359, 201507, '22.0', 'True', '2015-07-29 00:00:00', 'True', '2015-07-29 00:00:00', 'pdf', ''),
(359, 201508, '11.0', 'True', '2015-08-20 00:00:00', 'True', '2015-09-14 00:00:00', 'pdf', ''),
(359, 201509, '19.0', 'True', '2015-09-28 00:00:00', 'True', '2015-09-28 00:00:00', 'pdf', ''),
(360, 201410, '1.0', 'True', '2014-10-27 00:00:00', 'True', '2014-10-27 00:00:00', 'pdf', ''),
(361, 201410, '1.0', 'True', '2014-10-17 00:00:00', 'True', '2014-10-27 00:00:00', 'pdf', ''),
(362, 201410, '1.0', 'True', '2014-10-17 00:00:00', 'True', '2014-10-27 00:00:00', 'pdf', ''),
(363, 201410, '1.0', 'True', '2014-10-27 00:00:00', 'True', '2014-10-27 00:00:00', 'pdf', ''),
(364, 201410, '1.0', 'True', '2014-10-17 00:00:00', 'True', '2014-10-27 00:00:00', 'pdf', ''),
(365, 201410, '1.0', 'True', '2014-10-17 00:00:00', 'True', '2014-10-27 00:00:00', 'pdf', ''),
(366, 201410, '1.0', 'True', '2014-10-17 00:00:00', 'True', '2014-10-27 00:00:00', 'pdf', ''),
(368, 201410, '5.0', 'True', '2014-10-27 00:00:00', 'True', '2014-10-28 00:00:00', 'pdf', ''),
(369, 201410, '15.0', 'True', '2014-10-30 00:00:00', 'True', '2014-11-04 00:00:00', 'pdf', ''),
(369, 201411, '16.0', 'True', '2014-11-24 00:00:00', 'True', '2014-12-01 00:00:00', 'pdf', ''),
(369, 201412, '15.0', 'True', '2014-12-29 00:00:00', 'True', '2015-01-07 00:00:00', 'pdf', ''),
(369, 201501, '20.5', 'True', '2015-01-30 00:00:00', 'True', '2015-02-04 00:00:00', 'pdf', ''),
(369, 201502, '20.0', 'True', '2015-02-25 00:00:00', 'True', '2015-03-03 00:00:00', 'pdf', ''),
(369, 201503, '23.0', 'True', '2015-03-27 00:00:00', 'True', '2015-03-30 00:00:00', 'pdf', ''),
(369, 201504, '18.0', 'True', '2015-04-27 00:00:00', 'True', '2015-05-12 00:00:00', 'pdf', ''),
(369, 201505, '13.0', 'True', '2015-05-26 00:00:00', 'True', '2015-05-27 00:00:00', 'pdf', ''),
(369, 201506, '22.0', 'True', '2015-06-29 00:00:00', 'True', '2015-06-30 00:00:00', 'pdf', ''),
(369, 201507, '16.0', 'True', '2015-07-29 00:00:00', 'False', '', '', ''),
(369, 201508, '7.0', 'True', '2015-08-20 00:00:00', 'True', '2015-09-14 00:00:00', 'pdf', ''),
(369, 201509, '22.0', 'True', '2015-09-28 00:00:00', 'True', '2015-10-01 00:00:00', 'pdf', ''),
(369, 201510, '22.0', 'True', '2015-10-27 00:00:00', 'True', '2015-10-27 00:00:00', 'pdf', ''),
(369, 201511, '20.0', 'False', '', 'False', '', '', ''),
(369, 201512, '22.0', 'False', '', 'False', '', '', ''),
(370, 201410, '3.0', 'True', '2014-10-31 00:00:00', 'True', '2014-10-31 00:00:00', 'pdf', ''),
(370, 201411, '1.0', 'True', '2014-12-02 00:00:00', 'False', '', '', ''),
(371, 201410, '10.0', 'True', '2014-10-30 00:00:00', 'True', '2014-10-30 00:00:00', 'pdf', ''),
(371, 201411, '18.0', 'True', '2014-11-25 00:00:00', 'True', '2014-12-05 00:00:00', 'pdf', ''),
(371, 201412, '17.0', 'True', '2014-12-30 00:00:00', 'True', '2015-01-07 00:00:00', 'pdf', ''),
(371, 201501, '21.0', 'True', '2015-01-28 00:00:00', 'True', '2015-01-30 00:00:00', 'pdf', ''),
(372, 201410, '9.0', 'True', '2014-10-27 00:00:00', 'True', '2014-11-04 00:00:00', 'pdf', ''),
(372, 201411, '19.0', 'True', '2014-11-24 00:00:00', 'True', '2014-12-03 00:00:00', 'pdf', ''),
(372, 201412, '18.0', 'True', '2014-12-29 00:00:00', 'True', '2015-01-06 00:00:00', 'pdf', ''),
(372, 201501, '19.0', 'True', '2015-01-28 00:00:00', 'True', '2015-02-02 00:00:00', 'pdf', ''),
(372, 201502, '19.0', 'True', '2015-02-25 00:00:00', 'True', '2015-03-03 00:00:00', 'pdf', ''),
(372, 201503, '21.5', 'True', '2015-03-27 00:00:00', 'True', '2015-04-09 00:00:00', 'pdf', ''),
(372, 201504, '20.5', 'True', '2015-04-07 00:00:00', 'True', '2015-04-09 00:00:00', 'pdf', ''),
(373, 201410, '1.0', 'True', '2014-10-22 00:00:00', 'True', '2014-10-27 00:00:00', 'pdf', ''),
(374, 201410, '1.0', 'True', '2014-10-22 00:00:00', 'True', '2014-10-31 00:00:00', 'pdf', ''),
(375, 201410, '1.0', 'True', '2014-10-22 00:00:00', 'True', '2014-10-28 00:00:00', 'pdf', ''),
(376, 201410, '1.0', 'True', '2014-10-22 00:00:00', 'True', '2014-11-03 00:00:00', 'pdf', ''),
(377, 201410, '1.0', 'True', '2014-10-23 00:00:00', 'True', '2014-10-27 00:00:00', 'pdf', ''),
(378, 201410, '1.0', 'True', '2014-10-23 00:00:00', 'True', '2014-10-27 00:00:00', 'pdf', ''),
(379, 201410, '1.0', 'True', '2014-10-23 00:00:00', 'True', '2014-10-27 00:00:00', 'pdf', ''),
(380, 201410, '0.5', 'True', '2014-10-22 00:00:00', 'True', '2014-10-22 00:00:00', 'pdf', ''),
(381, 201410, '0.5', 'True', '2014-10-22 00:00:00', 'True', '2014-10-22 00:00:00', 'pdf', ''),
(382, 201410, '1.0', 'True', '2014-10-22 00:00:00', 'True', '2014-10-27 00:00:00', 'pdf', ''),
(383, 201410, '1.0', 'True', '2014-10-31 00:00:00', 'True', '2014-10-31 00:00:00', 'pdf', ''),
(385, 201410, '15.0', 'True', '2014-10-31 00:00:00', 'True', '2014-10-31 00:00:00', 'pdf', ''),
(386, 201411, '1.0', 'True', '2014-11-04 00:00:00', 'True', '2014-11-06 00:00:00', 'pdf', ''),
(387, 201410, '1.0', 'True', '2014-11-05 00:00:00', 'True', '2014-11-05 00:00:00', 'pdf', ''),
(388, 201411, '2.0', 'True', '2014-11-14 00:00:00', 'True', '2014-11-18 00:00:00', 'pdf', ''),
(389, 201411, '1.0', 'True', '2014-11-17 00:00:00', 'True', '2014-11-26 00:00:00', 'pdf', ''),
(391, 201411, '1.0', 'True', '2014-11-18 00:00:00', 'True', '2014-11-24 00:00:00', 'pdf', ''),
(392, 201411, '1.0', 'True', '2014-11-18 00:00:00', 'True', '2014-11-24 00:00:00', 'pdf', ''),
(393, 201411, '1.0', 'True', '2014-11-18 00:00:00', 'True', '2014-11-24 00:00:00', 'pdf', ''),
(394, 201412, '16.5', 'True', '2014-12-31 00:00:00', 'True', '2014-12-31 00:00:00', 'pdf', ''),
(394, 201501, '20.5', 'True', '2015-01-28 00:00:00', 'True', '2015-01-30 00:00:00', 'pdf', ''),
(394, 201502, '18.0', 'True', '2015-02-25 00:00:00', 'True', '2015-02-26 00:00:00', 'pdf', ''),
(394, 201503, '21.0', 'True', '2015-03-30 00:00:00', 'True', '2015-04-02 00:00:00', 'pdf', ''),
(394, 201504, '14.0', 'True', '2015-04-28 00:00:00', 'True', '2015-04-29 00:00:00', 'pdf', ''),
(394, 201505, '17.5', 'True', '2015-05-26 00:00:00', 'True', '2015-05-28 00:00:00', 'pdf', ''),
(398, 201412, '22.0', 'True', '2014-12-30 00:00:00', 'True', '2014-12-31 00:00:00', 'pdf', ''),
(398, 201501, '21.0', 'True', '2015-01-28 00:00:00', 'True', '2015-01-30 00:00:00', 'pdf', ''),
(398, 201502, '13.0', 'True', '2015-03-26 00:00:00', 'False', '', '', ''),
(398, 201503, '22.0', 'True', '2015-03-30 00:00:00', 'True', '2015-04-02 00:00:00', 'pdf', ''),
(398, 201504, '21.0', 'True', '2015-04-27 00:00:00', 'True', '2015-05-05 00:00:00', 'pdf', ''),
(398, 201505, '17.0', 'True', '2015-06-05 00:00:00', 'True', '2015-06-05 00:00:00', 'pdf', ''),
(398, 201506, '22.0', 'True', '2015-06-29 00:00:00', 'True', '2015-07-02 00:00:00', 'pdf', ''),
(398, 201507, '13.5', 'True', '2015-07-29 00:00:00', 'True', '2015-07-31 00:00:00', 'pdf', ''),
(398, 201508, '21.0', 'True', '2015-09-16 00:00:00', 'True', '2015-09-16 00:00:00', 'pdf', ''),
(398, 201509, '22.0', 'True', '2015-10-06 00:00:00', 'True', '2015-10-12 00:00:00', 'pdf', ''),
(398, 201510, '22.0', 'True', '2015-10-27 00:00:00', 'False', '', '', ''),
(398, 201511, '20.0', 'False', '', 'False', '', '', ''),
(398, 201512, '22.0', 'False', '', 'False', '', '', ''),
(399, 201412, '19.0', 'True', '2014-12-30 00:00:00', 'True', '2014-12-31 00:00:00', 'pdf', ''),
(400, 201412, '19.0', 'True', '2014-12-30 00:00:00', 'True', '2014-12-31 00:00:00', 'pdf', ''),
(400, 201501, '21.0', 'True', '2015-01-28 00:00:00', 'True', '2015-01-30 00:00:00', 'pdf', ''),
(400, 201502, '20.0', 'True', '2015-03-04 00:00:00', 'True', '2015-04-02 00:00:00', 'pdf', ''),
(400, 201503, '22.0', 'True', '2015-03-30 00:00:00', 'True', '2015-04-02 00:00:00', 'pdf', ''),
(400, 201504, '21.0', 'True', '2015-04-27 00:00:00', 'True', '2015-05-05 00:00:00', 'pdf', ''),
(400, 201505, '17.0', 'True', '2015-06-01 00:00:00', 'True', '2015-06-05 00:00:00', 'pdf', ''),
(400, 201506, '21.0', 'True', '2015-06-29 00:00:00', 'True', '2015-07-02 00:00:00', 'pdf', ''),
(401, 201412, '15.5', 'True', '2014-12-17 00:00:00', 'True', '2015-01-06 00:00:00', 'pdf', ''),
(401, 201501, '18.0', 'True', '2015-02-02 00:00:00', 'True', '2015-04-14 00:00:00', 'pdf', ''),
(401, 201502, '10.0', 'True', '2015-03-04 00:00:00', 'True', '2015-03-16 00:00:00', 'pdf', ''),
(402, 201412, '22.0', 'True', '2014-12-17 00:00:00', 'True', '2014-12-29 00:00:00', 'pdf', ''),
(403, 201412, '18.0', 'True', '2015-01-05 00:00:00', 'True', '2015-01-06 00:00:00', 'pdf', ''),
(403, 201501, '20.0', 'True', '2015-02-02 00:00:00', 'True', '2015-04-20 00:00:00', 'pdf', ''),
(403, 201502, '10.0', 'True', '2015-03-04 00:00:00', 'True', '2015-03-16 00:00:00', 'pdf', ''),
(404, 201411, '3.0', 'True', '2014-11-25 00:00:00', 'True', '2014-12-02 00:00:00', 'pdf', ''),
(404, 201412, '22.0', 'True', '2014-12-29 00:00:00', 'True', '2014-12-31 00:00:00', 'pdf', ''),
(405, 201411, '1.0', 'True', '2014-12-02 00:00:00', 'True', '2014-12-02 00:00:00', 'pdf', ''),
(405, 201412, '5.0', 'True', '2015-01-06 00:00:00', 'True', '2014-12-05 00:00:00', 'pdf', ''),
(406, 201411, '1.0', 'True', '2014-12-02 00:00:00', 'True', '2014-12-02 00:00:00', 'pdf', ''),
(406, 201412, '5.0', 'True', '2015-01-05 00:00:00', 'True', '2015-01-06 00:00:00', 'pdf', ''),
(407, 201412, '3.0', 'True', '2014-12-03 00:00:00', 'True', '2014-12-02 00:00:00', 'pdf', ''),
(408, 201411, '3.0', 'True', '2014-12-01 00:00:00', 'True', '2014-12-01 00:00:00', 'pdf', ''),
(408, 201412, '18.0', 'True', '2014-12-29 00:00:00', 'True', '2014-12-31 00:00:00', 'pdf', ''),
(408, 201501, '17.0', 'True', '2015-01-28 00:00:00', 'True', '2015-01-30 00:00:00', 'pdf', ''),
(408, 201502, '20.0', 'True', '2015-02-25 00:00:00', 'True', '2015-02-27 00:00:00', 'pdf', ''),
(408, 201503, '21.0', 'True', '2015-03-27 00:00:00', 'True', '2015-03-31 00:00:00', 'pdf', ''),
(408, 201504, '19.0', 'True', '2015-04-27 00:00:00', 'True', '2015-04-30 00:00:00', 'pdf', ''),
(408, 201505, '15.0', 'True', '2015-05-26 00:00:00', 'True', '2015-05-29 00:00:00', 'pdf', ''),
(408, 201506, '22.0', 'True', '2015-06-30 00:00:00', 'True', '2015-06-30 00:00:00', 'pdf', ''),
(408, 201507, '3.0', 'False', '', 'True', '2015-07-09 00:00:00', 'pdf', ''),
(409, 201412, '15.5', 'True', '2014-12-30 00:00:00', 'True', '2015-01-05 00:00:00', 'pdf', ''),
(409, 201501, '20.0', 'True', '2015-01-28 00:00:00', 'True', '2015-01-30 00:00:00', 'pdf', ''),
(409, 201502, '19.0', 'True', '2015-02-25 00:00:00', 'True', '2015-03-02 00:00:00', 'pdf', ''),
(409, 201503, '22.0', 'True', '2015-03-30 00:00:00', 'True', '2015-04-01 00:00:00', 'pdf', ''),
(409, 201504, '20.0', 'True', '2015-04-28 00:00:00', 'True', '2015-04-30 00:00:00', 'pdf', ''),
(409, 201505, '14.0', 'True', '2015-05-26 00:00:00', 'True', '2015-06-03 00:00:00', 'pdf', ''),
(409, 201506, '22.0', 'True', '2015-06-29 00:00:00', 'True', '2015-07-01 00:00:00', 'pdf', ''),
(409, 201507, '22.0', 'True', '2015-07-28 00:00:00', 'True', '2015-07-31 00:00:00', 'pdf', ''),
(409, 201508, '6.0', 'True', '2015-08-20 00:00:00', 'True', '2015-09-14 00:00:00', 'pdf', ''),
(409, 201509, '22.0', 'True', '2015-09-28 00:00:00', 'True', '2015-10-02 00:00:00', 'pdf', ''),
(409, 201510, '22.0', 'True', '2015-10-27 00:00:00', 'False', '', '', ''),
(409, 201511, '20.0', 'False', '', 'False', '', '', ''),
(409, 201512, '22.0', 'False', '', 'False', '', '', ''),
(410, 201412, '1.0', 'True', '2014-12-08 00:00:00', 'True', '2014-12-08 00:00:00', 'pdf', ''),
(411, 201501, '18.0', 'True', '2015-01-28 00:00:00', 'True', '2015-02-04 00:00:00', 'pdf', ''),
(411, 201502, '17.0', 'True', '2015-02-25 00:00:00', 'True', '2015-03-02 00:00:00', 'pdf', ''),
(411, 201503, '16.0', 'True', '2015-03-30 00:00:00', 'True', '2015-03-30 00:00:00', 'pdf', '');
INSERT INTO `inter_jo` (`int_id`, `anneemois`, `nb_jo`, `cra_sent`, `cra_sentdate`, `cra_rec`, `cra_recdate`, `cra_recext`, `int_fact`) VALUES
(411, 201504, '20.0', 'True', '2015-04-28 00:00:00', 'True', '2015-05-04 00:00:00', 'pdf', ''),
(411, 201505, '16.0', 'True', '2015-05-26 00:00:00', 'True', '2015-06-05 00:00:00', 'pdf', ''),
(411, 201506, '15.0', 'True', '2015-06-29 00:00:00', 'True', '2015-06-30 00:00:00', 'pdf', ''),
(411, 201507, '13.0', 'True', '2015-07-28 00:00:00', 'True', '2015-07-31 00:00:00', 'pdf', ''),
(411, 201508, '21.0', 'True', '2015-08-20 00:00:00', 'True', '2015-09-14 00:00:00', 'pdf', ''),
(411, 201509, '22.0', 'True', '2015-09-28 00:00:00', 'True', '2015-10-12 00:00:00', 'pdf', ''),
(411, 201510, '20.0', 'False', '', 'False', '', '', ''),
(411, 201511, '20.0', 'False', '', 'False', '', '', ''),
(411, 201512, '22.0', 'False', '', 'False', '', '', ''),
(412, 201501, '20.0', 'True', '2015-01-30 00:00:00', 'True', '2015-01-30 00:00:00', 'pdf', ''),
(412, 201502, '18.5', 'True', '2015-02-25 00:00:00', 'True', '2015-02-27 00:00:00', 'pdf', ''),
(412, 201503, '17.0', 'True', '2015-03-30 00:00:00', 'True', '2015-04-02 00:00:00', 'pdf', ''),
(413, 201412, '2.0', 'True', '2015-01-16 00:00:00', 'False', '', '', ''),
(414, 201412, '6.0', 'True', '2015-01-05 00:00:00', 'True', '2015-01-06 00:00:00', 'pdf', ''),
(415, 201412, '2.0', 'True', '2014-12-17 00:00:00', 'True', '2014-12-29 00:00:00', 'pdf', ''),
(416, 201412, '2.0', 'True', '2014-12-18 00:00:00', 'True', '2014-12-29 00:00:00', 'pdf', ''),
(417, 201501, '11.0', 'True', '2015-01-28 00:00:00', 'True', '2015-01-30 00:00:00', 'pdf', ''),
(417, 201502, '20.0', 'True', '2015-03-02 00:00:00', 'True', '2015-03-04 00:00:00', 'pdf', ''),
(417, 201503, '22.0', 'True', '2015-03-27 00:00:00', 'True', '2015-03-30 00:00:00', 'pdf', ''),
(417, 201504, '21.0', 'True', '2015-04-28 00:00:00', 'True', '2015-05-04 00:00:00', 'pdf', ''),
(417, 201505, '16.5', 'True', '2015-05-26 00:00:00', 'True', '2015-05-27 00:00:00', 'pdf', ''),
(417, 201506, '18.0', 'True', '2015-06-29 00:00:00', 'True', '2015-07-01 00:00:00', 'pdf', ''),
(417, 201507, '22.0', 'True', '2015-07-28 00:00:00', 'True', '2015-07-30 00:00:00', 'pdf', ''),
(417, 201508, '11.5', 'True', '2015-08-21 00:00:00', 'True', '2015-08-24 00:00:00', 'pdf', ''),
(417, 201509, '20.0', 'True', '2015-09-28 00:00:00', 'True', '2015-10-01 00:00:00', 'pdf', ''),
(418, 201501, '16.0', 'True', '2015-03-26 00:00:00', 'True', '2015-03-26 00:00:00', 'pdf', ''),
(419, 201412, '9.0', 'True', '2014-12-18 00:00:00', 'True', '2015-01-06 00:00:00', 'pdf', ''),
(419, 201501, '1.0', 'True', '2015-01-02 00:00:00', 'True', '2015-01-06 00:00:00', 'pdf', ''),
(420, 201412, '22.0', 'True', '2014-12-29 00:00:00', 'True', '2014-12-31 00:00:00', 'pdf', ''),
(420, 201501, '21.0', 'True', '2015-01-28 00:00:00', 'True', '2015-01-30 00:00:00', 'pdf', ''),
(420, 201502, '19.0', 'True', '2015-02-25 00:00:00', 'True', '2015-02-27 00:00:00', 'pdf', ''),
(422, 201412, '2.0', 'True', '2014-12-18 00:00:00', 'True', '2014-12-29 00:00:00', 'pdf', ''),
(423, 201412, '3.0', 'True', '2015-01-05 00:00:00', 'True', '2015-01-06 00:00:00', 'pdf', ''),
(424, 201412, '3.0', 'True', '2015-01-06 00:00:00', 'False', '', '', ''),
(425, 201412, '1.0', 'True', '2014-12-29 00:00:00', 'True', '2014-12-29 00:00:00', 'pdf', ''),
(426, 201412, '3.0', 'True', '2014-12-29 00:00:00', 'True', '2015-01-06 00:00:00', 'pdf', ''),
(427, 201412, '2.0', 'True', '2014-12-29 00:00:00', 'True', '2014-12-29 00:00:00', 'pdf', ''),
(428, 201412, '3.0', 'True', '2014-12-29 00:00:00', 'True', '2015-01-06 00:00:00', 'pdf', ''),
(430, 201412, '2.0', 'True', '2014-12-29 00:00:00', 'True', '2014-12-29 00:00:00', 'pdf', ''),
(431, 201412, '3.0', 'True', '2014-12-29 00:00:00', 'True', '2015-01-06 00:00:00', 'pdf', ''),
(432, 201412, '2.0', 'True', '2014-12-29 00:00:00', 'True', '2014-12-29 00:00:00', 'pdf', ''),
(433, 201412, '2.0', 'True', '2014-12-29 00:00:00', 'True', '2015-01-06 00:00:00', 'pdf', ''),
(434, 201412, '2.0', 'True', '2014-12-29 00:00:00', 'True', '2014-12-29 00:00:00', 'pdf', ''),
(435, 201412, '2.0', 'True', '2014-12-29 00:00:00', 'True', '2015-01-06 00:00:00', 'pdf', ''),
(439, 201501, '20.0', 'True', '2015-04-20 00:00:00', 'True', '2015-04-20 00:00:00', 'pdf', ''),
(439, 201502, '1.0', 'True', '2015-03-02 00:00:00', 'True', '2015-03-03 00:00:00', 'pdf', ''),
(440, 201412, '4.5', 'True', '2014-12-30 00:00:00', 'True', '2015-01-05 00:00:00', 'pdf', ''),
(441, 201502, '10.0', 'True', '2015-03-03 00:00:00', 'True', '2015-03-04 00:00:00', 'pdf', ''),
(441, 201503, '22.0', 'True', '2015-03-30 00:00:00', 'True', '2015-03-31 00:00:00', 'pdf', ''),
(441, 201504, '21.0', 'True', '2015-04-28 00:00:00', 'True', '2015-04-30 00:00:00', 'pdf', ''),
(441, 201505, '17.0', 'True', '2015-05-26 00:00:00', 'True', '2015-05-29 00:00:00', 'pdf', ''),
(441, 201506, '21.0', 'True', '2015-06-29 00:00:00', 'True', '2015-06-30 00:00:00', 'pdf', ''),
(441, 201507, '22.0', 'True', '2015-07-28 00:00:00', 'True', '2015-07-31 00:00:00', 'pdf', ''),
(442, 201412, '3.0', 'True', '2014-12-30 00:00:00', 'True', '2014-12-31 00:00:00', 'pdf', ''),
(442, 201501, '21.0', 'True', '2015-01-28 00:00:00', 'True', '2015-01-30 00:00:00', 'pdf', ''),
(442, 201502, '20.0', 'True', '2015-03-26 00:00:00', 'True', '2015-04-20 00:00:00', 'pdf', ''),
(442, 201503, '20.0', 'True', '2015-03-30 00:00:00', 'True', '2015-04-02 00:00:00', 'pdf', ''),
(442, 201504, '21.0', 'True', '2015-04-27 00:00:00', 'True', '2015-05-05 00:00:00', 'pdf', ''),
(442, 201505, '17.0', 'True', '2015-06-05 00:00:00', 'True', '2015-06-05 00:00:00', 'pdf', ''),
(442, 201506, '21.0', 'True', '2015-06-29 00:00:00', 'True', '2015-07-02 00:00:00', 'pdf', ''),
(442, 201507, '22.0', 'True', '2015-07-29 00:00:00', 'True', '2015-07-31 00:00:00', 'pdf', ''),
(442, 201508, '16.5', 'True', '2015-09-16 00:00:00', 'True', '2015-09-16 00:00:00', 'pdf', ''),
(442, 201509, '22.0', 'True', '2015-10-06 00:00:00', 'True', '2015-10-12 00:00:00', 'pdf', ''),
(442, 201510, '22.0', 'True', '2015-10-27 00:00:00', 'False', '', '', ''),
(442, 201511, '20.0', 'False', '', 'False', '', '', ''),
(442, 201512, '22.0', 'False', '', 'False', '', '', ''),
(445, 201501, '19.0', 'True', '2015-01-28 00:00:00', 'True', '2015-02-03 00:00:00', 'pdf', ''),
(445, 201502, '20.0', 'True', '2015-02-25 00:00:00', 'True', '2015-03-02 00:00:00', 'pdf', ''),
(445, 201503, '22.0', 'True', '2015-03-27 00:00:00', 'True', '2015-03-30 00:00:00', 'pdf', ''),
(445, 201504, '19.5', 'True', '2015-04-27 00:00:00', 'True', '2015-05-04 00:00:00', 'pdf', ''),
(445, 201505, '16.0', 'True', '2015-05-26 00:00:00', 'True', '2015-06-01 00:00:00', 'pdf', ''),
(445, 201506, '22.0', 'True', '2015-06-29 00:00:00', 'True', '2015-07-02 00:00:00', 'pdf', ''),
(445, 201507, '21.0', 'True', '2015-07-28 00:00:00', 'True', '2015-07-31 00:00:00', 'pdf', ''),
(445, 201508, '19.0', 'True', '2015-08-20 00:00:00', 'True', '2015-09-14 00:00:00', 'pdf', ''),
(445, 201509, '8.5', 'True', '2015-09-28 00:00:00', 'True', '2015-10-01 00:00:00', 'pdf', ''),
(445, 201510, '22.0', 'True', '2015-10-27 00:00:00', 'False', '', '', ''),
(445, 201511, '20.0', 'False', '', 'False', '', '', ''),
(445, 201512, '22.0', 'False', '', 'False', '', '', ''),
(446, 201501, '20.0', 'True', '2015-02-02 00:00:00', 'True', '2015-04-14 00:00:00', 'pdf', ''),
(446, 201502, '20.0', 'True', '2015-03-04 00:00:00', 'True', '2015-03-16 00:00:00', 'pdf', ''),
(446, 201503, '22.0', 'True', '2015-03-30 00:00:00', 'True', '2015-04-01 00:00:00', 'pdf', ''),
(446, 201504, '19.0', 'True', '2015-04-30 00:00:00', 'True', '2015-04-30 00:00:00', 'pdf', ''),
(446, 201505, '17.0', 'True', '2015-05-26 00:00:00', 'True', '2015-06-01 00:00:00', 'pdf', ''),
(446, 201506, '20.0', 'True', '2015-06-29 00:00:00', 'True', '2015-06-30 00:00:00', 'pdf', ''),
(447, 201501, '18.0', 'True', '2015-01-30 00:00:00', 'True', '2015-02-05 00:00:00', 'pdf', ''),
(447, 201502, '5.0', 'True', '2015-02-25 00:00:00', 'True', '2015-03-03 00:00:00', 'pdf', ''),
(448, 201501, '20.0', 'True', '2015-01-30 00:00:00', 'True', '2015-02-05 00:00:00', 'pdf', ''),
(448, 201502, '20.0', 'True', '2015-02-25 00:00:00', 'True', '2015-03-05 00:00:00', 'pdf', ''),
(448, 201503, '20.0', 'True', '2015-03-30 00:00:00', 'True', '2015-04-01 00:00:00', 'pdf', ''),
(448, 201504, '21.0', 'True', '2015-04-27 00:00:00', 'True', '2015-05-06 00:00:00', 'pdf', ''),
(448, 201505, '17.0', 'True', '2015-05-26 00:00:00', 'True', '2015-05-27 00:00:00', 'pdf', ''),
(448, 201506, '22.0', 'True', '2015-06-29 00:00:00', 'True', '2015-06-29 00:00:00', 'pdf', ''),
(448, 201507, '22.0', 'True', '2015-07-28 00:00:00', 'True', '2015-07-29 00:00:00', 'pdf', ''),
(448, 201508, '20.0', 'True', '2015-08-20 00:00:00', 'True', '2015-08-24 00:00:00', 'pdf', ''),
(448, 201509, '10.0', 'True', '2015-09-28 00:00:00', 'True', '2015-10-08 00:00:00', 'pdf', ''),
(448, 201510, '22.0', 'True', '2015-10-27 00:00:00', 'False', '', '', ''),
(448, 201511, '20.0', 'False', '', 'False', '', '', ''),
(448, 201512, '22.0', 'False', '', 'False', '', '', ''),
(449, 201501, '21.0', 'True', '2015-02-06 00:00:00', 'True', '2015-02-06 00:00:00', 'pdf', ''),
(449, 201502, '20.0', 'True', '2015-03-26 00:00:00', 'True', '2015-03-26 00:00:00', 'pdf', ''),
(449, 201503, '22.0', 'True', '2015-03-31 00:00:00', 'True', '2015-04-02 00:00:00', 'pdf', ''),
(449, 201504, '18.0', 'True', '2015-05-11 00:00:00', 'True', '2015-05-11 00:00:00', 'pdf', ''),
(449, 201505, '15.0', 'True', '2015-06-05 00:00:00', 'True', '2015-06-05 00:00:00', 'pdf', ''),
(449, 201506, '22.0', 'True', '2015-07-16 00:00:00', 'True', '2015-07-16 00:00:00', 'pdf', ''),
(449, 201507, '22.0', 'True', '2015-07-30 00:00:00', 'True', '2015-07-30 00:00:00', 'pdf', ''),
(449, 201508, '6.5', 'True', '2015-08-21 00:00:00', 'True', '2015-09-15 00:00:00', 'pdf', ''),
(449, 201509, '22.0', 'True', '2015-10-01 00:00:00', 'True', '2015-10-01 00:00:00', 'pdf', ''),
(449, 201510, '22.0', 'False', '', 'False', '', '', ''),
(449, 201511, '20.0', 'False', '', 'False', '', '', ''),
(449, 201512, '22.0', 'False', '', 'False', '', '', ''),
(450, 201501, '20.0', 'True', '2015-01-28 00:00:00', 'True', '2015-02-09 00:00:00', 'pdf', ''),
(450, 201502, '15.0', 'True', '2015-02-25 00:00:00', 'True', '2015-03-03 00:00:00', 'pdf', ''),
(450, 201503, '18.0', 'True', '2015-03-30 00:00:00', 'True', '2015-04-01 00:00:00', 'pdf', ''),
(450, 201504, '20.0', 'True', '2015-04-27 00:00:00', 'True', '2015-05-06 00:00:00', 'pdf', ''),
(450, 201505, '15.5', 'True', '2015-05-26 00:00:00', 'True', '2015-05-27 00:00:00', 'pdf', ''),
(450, 201506, '21.5', 'True', '2015-06-29 00:00:00', 'True', '2015-06-29 00:00:00', 'pdf', ''),
(450, 201507, '12.0', 'True', '2015-07-28 00:00:00', 'True', '2015-07-29 00:00:00', 'pdf', ''),
(450, 201508, '11.0', 'True', '2015-08-20 00:00:00', 'True', '2015-08-24 00:00:00', 'pdf', ''),
(450, 201509, '21.0', 'True', '2015-09-28 00:00:00', 'True', '2015-10-05 00:00:00', 'pdf', ''),
(450, 201510, '21.0', 'True', '2015-10-27 00:00:00', 'False', '', '', ''),
(450, 201511, '20.0', 'False', '', 'False', '', '', ''),
(450, 201512, '22.0', 'False', '', 'False', '', '', ''),
(451, 201501, '20.0', 'True', '2015-02-06 00:00:00', 'True', '2015-04-20 00:00:00', 'pdf', ''),
(451, 201502, '6.0', 'True', '2015-02-25 00:00:00', 'True', '2015-03-04 00:00:00', 'pdf', ''),
(451, 201503, '14.0', 'True', '2015-03-31 00:00:00', 'True', '2015-04-02 00:00:00', 'pdf', ''),
(451, 201504, '12.5', 'True', '2015-05-11 00:00:00', 'True', '2015-05-11 00:00:00', 'pdf', ''),
(451, 201505, '18.0', 'True', '2015-06-05 00:00:00', 'True', '2015-06-05 00:00:00', 'pdf', ''),
(451, 201506, '19.0', 'True', '2015-07-16 00:00:00', 'True', '2015-07-16 00:00:00', 'pdf', ''),
(451, 201507, '13.0', 'True', '2015-07-30 00:00:00', 'True', '2015-07-30 00:00:00', 'pdf', ''),
(451, 201508, '0.0', 'True', '2015-09-16 00:00:00', 'True', '2015-09-16 00:00:00', 'pdf', ''),
(451, 201509, '16.0', 'True', '2015-10-01 00:00:00', 'True', '2015-10-12 00:00:00', 'pdf', ''),
(451, 201510, '22.0', 'True', '2015-10-27 00:00:00', 'True', '2015-10-28 00:00:00', 'pdf', ''),
(451, 201511, '20.0', 'False', '', 'False', '', '', ''),
(451, 201512, '22.0', 'False', '', 'False', '', '', ''),
(453, 201501, '21.0', 'True', '2015-01-28 00:00:00', 'True', '2015-02-02 00:00:00', 'pdf', ''),
(453, 201502, '20.0', 'True', '2015-02-25 00:00:00', 'True', '2015-03-02 00:00:00', 'pdf', ''),
(453, 201503, '22.0', 'True', '2015-03-30 00:00:00', 'True', '2015-03-30 00:00:00', 'pdf', ''),
(453, 201504, '14.0', 'True', '2015-04-28 00:00:00', 'True', '2015-04-30 00:00:00', 'pdf', ''),
(453, 201505, '17.0', 'True', '2015-05-26 00:00:00', 'True', '2015-06-01 00:00:00', 'pdf', ''),
(453, 201506, '21.0', 'True', '2015-06-29 00:00:00', 'True', '2015-06-30 00:00:00', 'pdf', ''),
(453, 201507, '18.0', 'True', '2015-07-28 00:00:00', 'True', '2015-07-29 00:00:00', 'pdf', ''),
(453, 201508, '21.0', 'True', '2015-08-21 00:00:00', 'False', '', '', ''),
(453, 201509, '11.0', 'True', '2015-09-28 00:00:00', 'True', '2015-09-30 00:00:00', 'pdf', ''),
(453, 201510, '22.0', 'True', '2015-10-27 00:00:00', 'True', '2015-10-28 00:00:00', 'pdf', ''),
(453, 201511, '20.0', 'False', '', 'False', '', '', ''),
(453, 201512, '22.0', 'False', '', 'False', '', '', ''),
(454, 201501, '20.5', 'True', '2015-01-28 00:00:00', 'True', '2015-01-29 00:00:00', 'pdf', ''),
(454, 201502, '15.0', 'True', '2015-02-25 00:00:00', 'True', '2015-03-03 00:00:00', 'pdf', ''),
(454, 201503, '10.5', 'True', '2015-03-23 00:00:00', 'True', '2015-03-23 00:00:00', 'pdf', ''),
(457, 201412, '2.0', 'True', '2015-01-05 00:00:00', 'True', '2015-01-05 00:00:00', 'pdf', ''),
(458, 201412, '22.0', 'True', '2015-01-16 00:00:00', 'True', '2015-01-16 00:00:00', 'pdf', ''),
(460, 201412, '17.0', 'True', '2015-01-16 00:00:00', 'True', '2015-01-16 00:00:00', 'pdf', ''),
(463, 201501, '3.5', 'True', '2015-01-26 00:00:00', 'True', '2015-02-06 00:00:00', 'pdf', ''),
(464, 201501, '1.0', 'True', '2015-01-26 00:00:00', 'True', '2015-02-06 00:00:00', 'pdf', ''),
(465, 201501, '1.0', 'True', '2015-01-26 00:00:00', 'True', '2015-02-06 00:00:00', 'pdf', ''),
(466, 201501, '7.0', 'True', '2015-01-26 00:00:00', 'True', '2015-02-06 00:00:00', 'pdf', ''),
(467, 201501, '3.5', 'True', '2015-01-26 00:00:00', 'True', '2015-02-06 00:00:00', 'pdf', ''),
(468, 201501, '3.0', 'True', '2015-01-28 00:00:00', 'True', '2015-02-02 00:00:00', 'pdf', ''),
(469, 201501, '3.0', 'True', '2015-01-28 00:00:00', 'True', '2015-02-02 00:00:00', 'pdf', ''),
(471, 201501, '20.0', 'True', '2015-02-02 00:00:00', 'True', '2015-02-02 00:00:00', 'pdf', ''),
(471, 201502, '21.0', 'True', '2015-02-25 00:00:00', 'True', '2015-03-02 00:00:00', 'pdf', ''),
(471, 201503, '22.0', 'True', '2015-03-27 00:00:00', 'True', '2015-04-01 00:00:00', 'pdf', ''),
(471, 201504, '21.0', 'True', '2015-04-27 00:00:00', 'True', '2015-04-30 00:00:00', 'pdf', ''),
(471, 201505, '16.0', 'True', '2015-05-26 00:00:00', 'True', '2015-05-29 00:00:00', 'pdf', ''),
(471, 201506, '22.0', 'True', '2015-06-30 00:00:00', 'True', '2015-06-30 00:00:00', 'pdf', ''),
(471, 201507, '21.0', 'True', '2015-07-28 00:00:00', 'True', '2015-08-03 00:00:00', 'pdf', ''),
(471, 201508, '21.0', 'True', '2015-08-20 00:00:00', 'True', '2015-09-14 00:00:00', 'pdf', ''),
(471, 201509, '22.0', 'True', '2015-09-28 00:00:00', 'True', '2015-10-02 00:00:00', 'pdf', ''),
(471, 201510, '22.0', 'True', '2015-10-27 00:00:00', 'False', '', '', ''),
(471, 201511, '19.0', 'False', '', 'False', '', '', ''),
(471, 201512, '13.0', 'False', '', 'False', '', '', ''),
(472, 201501, '5.0', 'True', '2015-02-03 00:00:00', 'True', '2015-02-06 00:00:00', 'pdf', ''),
(472, 201502, '15.0', 'True', '2015-02-25 00:00:00', 'True', '2015-02-27 00:00:00', 'pdf', ''),
(472, 201503, '18.0', 'True', '2015-03-30 00:00:00', 'True', '2015-03-30 00:00:00', 'pdf', ''),
(472, 201504, '16.0', 'True', '2015-04-30 00:00:00', 'True', '2015-06-08 00:00:00', 'pdf', ''),
(474, 201502, '10.0', 'False', '', 'False', '', '', ''),
(475, 201501, '9.5', 'True', '2015-02-04 00:00:00', 'True', '2015-02-17 00:00:00', 'pdf', ''),
(475, 201502, '3.0', 'True', '2015-02-04 00:00:00', 'True', '2015-02-17 00:00:00', 'pdf', ''),
(476, 201501, '10.0', 'True', '2015-02-04 00:00:00', 'True', '2015-02-05 00:00:00', 'pdf', ''),
(476, 201502, '20.0', 'True', '2015-02-25 00:00:00', 'True', '2015-03-04 00:00:00', 'pdf', ''),
(476, 201503, '22.0', 'True', '2015-03-30 00:00:00', 'True', '2015-04-02 00:00:00', 'pdf', ''),
(476, 201504, '21.0', 'True', '2015-04-30 00:00:00', 'True', '2015-05-05 00:00:00', 'pdf', ''),
(477, 201501, '1.0', 'True', '2015-02-04 00:00:00', 'True', '2015-02-17 00:00:00', 'pdf', ''),
(478, 201501, '8.0', 'True', '2015-02-04 00:00:00', 'True', '2015-02-17 00:00:00', 'pdf', ''),
(478, 201502, '3.0', 'True', '2015-02-04 00:00:00', 'True', '2015-02-16 00:00:00', 'pdf', ''),
(481, 201501, '20.0', 'True', '2015-02-04 00:00:00', 'True', '2015-02-06 00:00:00', 'pdf', ''),
(481, 201502, '5.0', 'True', '2015-02-25 00:00:00', 'True', '2015-03-04 00:00:00', 'pdf', ''),
(482, 201502, '1.0', 'True', '2015-02-05 00:00:00', 'True', '2015-02-16 00:00:00', 'pdf', ''),
(483, 201502, '1.0', 'True', '2015-02-05 00:00:00', 'True', '2015-02-26 00:00:00', 'pdf', ''),
(485, 201502, '15.0', 'True', '2015-02-25 00:00:00', 'True', '2015-03-04 00:00:00', 'pdf', ''),
(485, 201503, '10.0', 'True', '2015-03-30 00:00:00', 'True', '2015-04-02 00:00:00', 'pdf', ''),
(486, 201502, '5.0', 'True', '2015-02-13 00:00:00', 'True', '2015-02-13 00:00:00', 'pdf', ''),
(487, 201502, '10.0', 'True', '2015-02-06 00:00:00', 'True', '2015-02-18 00:00:00', 'pdf', ''),
(488, 201502, '3.0', 'True', '2015-02-06 00:00:00', 'True', '2015-02-18 00:00:00', 'pdf', ''),
(489, 201502, '13.0', 'True', '2015-03-26 00:00:00', 'True', '2015-03-26 00:00:00', 'pdf', ''),
(489, 201503, '22.0', 'True', '2015-04-01 00:00:00', 'True', '2015-04-09 00:00:00', 'pdf', ''),
(489, 201504, '21.0', 'True', '2015-04-27 00:00:00', 'True', '2015-06-05 00:00:00', 'pdf', ''),
(489, 201505, '17.0', 'True', '2015-05-26 00:00:00', 'True', '2015-06-05 00:00:00', 'pdf', ''),
(489, 201506, '22.0', 'True', '2015-06-29 00:00:00', 'True', '2015-06-30 00:00:00', 'pdf', ''),
(489, 201507, '22.0', 'True', '2015-07-29 00:00:00', 'True', '2015-07-31 00:00:00', 'pdf', ''),
(489, 201508, '20.0', 'True', '2015-08-20 00:00:00', 'True', '2015-09-14 00:00:00', 'pdf', ''),
(489, 201509, '18.0', 'True', '2015-09-28 00:00:00', 'True', '2015-09-30 00:00:00', 'pdf', ''),
(489, 201510, '22.0', 'True', '2015-10-27 00:00:00', 'True', '2015-10-27 00:00:00', 'pdf', ''),
(489, 201511, '20.0', 'False', '', 'False', '', '', ''),
(490, 201502, '15.0', 'True', '2015-02-25 00:00:00', 'True', '2015-03-04 00:00:00', 'pdf', ''),
(490, 201503, '22.0', 'True', '2015-03-27 00:00:00', 'True', '2015-04-09 00:00:00', 'pdf', ''),
(490, 201504, '21.0', 'True', '2015-04-28 00:00:00', 'True', '2015-04-30 00:00:00', 'pdf', ''),
(490, 201505, '16.0', 'True', '2015-05-26 00:00:00', 'True', '2015-05-29 00:00:00', 'pdf', ''),
(490, 201506, '22.0', 'True', '2015-06-30 00:00:00', 'True', '2015-06-30 00:00:00', 'pdf', ''),
(491, 201502, '10.0', 'True', '2015-02-25 00:00:00', 'True', '2015-03-06 00:00:00', 'pdf', ''),
(491, 201503, '23.0', 'True', '2015-03-24 00:00:00', 'True', '2015-04-02 00:00:00', 'pdf', ''),
(491, 201504, '18.5', 'True', '2015-04-27 00:00:00', 'True', '2015-05-05 00:00:00', 'pdf', ''),
(491, 201505, '14.0', 'True', '2015-05-28 00:00:00', 'True', '2015-06-03 00:00:00', 'pdf', ''),
(491, 201506, '22.0', 'True', '2015-06-30 00:00:00', 'True', '2015-07-08 00:00:00', 'pdf', ''),
(491, 201507, '8.0', 'True', '2015-07-09 00:00:00', 'True', '2015-07-21 00:00:00', 'pdf', ''),
(492, 201503, '3.0', 'True', '2015-03-26 00:00:00', 'True', '2015-03-30 00:00:00', 'pdf', ''),
(492, 201504, '21.0', 'True', '2015-04-28 00:00:00', 'True', '2015-04-30 00:00:00', 'pdf', ''),
(492, 201505, '16.0', 'True', '2015-05-26 00:00:00', 'True', '2015-05-29 00:00:00', 'pdf', ''),
(492, 201506, '21.0', 'True', '2015-06-30 00:00:00', 'True', '2015-06-30 00:00:00', 'pdf', ''),
(492, 201507, '10.0', 'True', '2015-07-28 00:00:00', 'True', '2015-08-03 00:00:00', 'pdf', ''),
(492, 201508, '21.0', 'True', '2015-08-20 00:00:00', 'True', '2015-09-14 00:00:00', 'pdf', ''),
(492, 201509, '15.5', 'True', '2015-09-28 00:00:00', 'True', '2015-10-02 00:00:00', 'pdf', ''),
(492, 201510, '17.5', 'True', '2015-10-27 00:00:00', 'False', '', '', ''),
(492, 201511, '20.0', 'False', '', 'False', '', '', ''),
(492, 201512, '22.0', 'False', '', 'False', '', '', ''),
(493, 201502, '10.0', 'True', '2015-03-04 00:00:00', 'True', '2015-03-16 00:00:00', 'pdf', ''),
(493, 201503, '22.0', 'True', '2015-03-30 00:00:00', 'True', '2015-04-02 00:00:00', 'pdf', ''),
(493, 201504, '12.0', 'True', '2015-04-30 00:00:00', 'True', '2015-04-30 00:00:00', 'pdf', ''),
(495, 201502, '1.0', 'True', '2015-03-26 00:00:00', 'True', '2015-03-26 00:00:00', 'pdf', ''),
(496, 201502, '1.0', 'True', '2015-03-26 00:00:00', 'True', '2015-03-26 00:00:00', 'pdf', ''),
(497, 201502, '1.0', 'True', '2015-03-26 00:00:00', 'True', '2015-03-26 00:00:00', 'pdf', ''),
(498, 201502, '1.0', 'True', '2015-03-26 00:00:00', 'True', '2015-03-26 00:00:00', 'pdf', ''),
(499, 201503, '22.0', 'True', '2015-03-30 00:00:00', 'True', '2015-04-03 00:00:00', 'pdf', ''),
(499, 201504, '21.0', 'True', '2015-04-27 00:00:00', 'True', '2015-05-05 00:00:00', 'pdf', ''),
(499, 201505, '15.5', 'True', '2015-05-26 00:00:00', 'True', '2015-06-01 00:00:00', 'pdf', ''),
(499, 201506, '22.0', 'True', '2015-06-29 00:00:00', 'True', '2015-07-06 00:00:00', 'pdf', ''),
(499, 201507, '21.0', 'True', '2015-07-28 00:00:00', 'True', '2015-07-30 00:00:00', 'pdf', ''),
(499, 201508, '14.0', 'True', '2015-08-20 00:00:00', 'True', '2015-09-14 00:00:00', 'pdf', ''),
(499, 201509, '17.5', 'True', '2015-10-06 00:00:00', 'True', '2015-10-06 00:00:00', 'pdf', ''),
(499, 201510, '20.0', 'True', '2015-10-27 00:00:00', 'True', '2015-10-29 00:00:00', 'pdf', ''),
(499, 201511, '20.0', 'False', '', 'False', '', '', ''),
(499, 201512, '22.0', 'False', '', 'False', '', '', ''),
(502, 201502, '20.0', 'True', '2015-03-02 00:00:00', 'True', '2015-03-03 00:00:00', 'pdf', ''),
(503, 201502, '19.0', 'True', '2015-03-02 00:00:00', 'True', '2015-03-03 00:00:00', 'pdf', ''),
(503, 201503, '22.0', 'True', '2015-03-25 00:00:00', 'True', '2015-03-30 00:00:00', 'pdf', ''),
(503, 201504, '19.0', 'True', '2015-04-27 00:00:00', 'True', '2015-05-05 00:00:00', 'pdf', ''),
(504, 201503, '12.0', 'True', '2015-03-27 00:00:00', 'True', '2015-03-31 00:00:00', 'pdf', ''),
(504, 201504, '21.0', 'True', '2015-04-27 00:00:00', 'True', '2015-05-06 00:00:00', 'pdf', ''),
(504, 201505, '17.0', 'True', '2015-05-26 00:00:00', 'True', '2015-06-03 00:00:00', 'pdf', ''),
(504, 201506, '22.0', 'True', '2015-06-29 00:00:00', 'True', '2015-07-07 00:00:00', 'pdf', ''),
(504, 201507, '22.0', 'True', '2015-07-30 00:00:00', 'True', '2015-08-03 00:00:00', 'pdf', ''),
(505, 201503, '11.0', 'True', '2015-03-27 00:00:00', 'True', '2015-03-31 00:00:00', 'pdf', ''),
(507, 201503, '12.0', 'True', '2015-03-30 00:00:00', 'True', '2015-04-01 00:00:00', 'pdf', ''),
(507, 201504, '8.0', 'True', '2015-04-15 00:00:00', 'True', '2015-04-15 00:00:00', 'pdf', ''),
(508, 201503, '12.0', 'True', '2015-03-31 00:00:00', 'True', '2015-04-08 00:00:00', 'pdf', ''),
(508, 201504, '18.0', 'True', '2015-04-30 00:00:00', 'True', '2015-05-04 00:00:00', 'pdf', ''),
(508, 201505, '0.0', 'True', '2015-05-26 00:00:00', 'True', '2015-05-29 00:00:00', 'pdf', ''),
(509, 201503, '9.0', 'True', '2015-03-27 00:00:00', 'True', '2015-03-30 00:00:00', 'pdf', ''),
(510, 201503, '12.0', 'True', '2015-03-31 00:00:00', 'True', '2015-04-02 00:00:00', 'pdf', ''),
(510, 201504, '20.0', 'True', '2015-04-30 00:00:00', 'True', '2015-05-11 00:00:00', 'pdf', ''),
(510, 201505, '9.0', 'True', '2015-05-26 00:00:00', 'True', '2015-05-28 00:00:00', 'pdf', ''),
(510, 201506, '21.0', 'True', '2015-06-30 00:00:00', 'True', '2015-07-01 00:00:00', 'pdf', ''),
(510, 201507, '22.0', 'True', '2015-07-28 00:00:00', 'True', '2015-08-04 00:00:00', 'pdf', ''),
(510, 201508, '21.0', 'True', '2015-08-20 00:00:00', 'True', '2015-09-14 00:00:00', 'pdf', ''),
(510, 201509, '19.5', 'True', '2015-10-01 00:00:00', 'True', '2015-10-06 00:00:00', 'pdf', ''),
(510, 201510, '22.0', 'True', '2015-10-27 00:00:00', 'False', '', '', ''),
(510, 201511, '20.0', 'False', '', 'False', '', '', ''),
(510, 201512, '22.0', 'False', '', 'False', '', '', ''),
(513, 201503, '2.0', 'True', '2015-03-17 00:00:00', 'True', '2015-03-17 00:00:00', 'pdf', ''),
(514, 201503, '2.0', 'True', '2015-03-17 00:00:00', 'True', '2015-03-17 00:00:00', 'pdf', ''),
(515, 201503, '2.0', 'True', '2015-03-17 00:00:00', 'True', '2015-03-17 00:00:00', 'pdf', ''),
(517, 201503, '1.0', 'True', '2015-03-17 00:00:00', 'True', '2015-03-17 00:00:00', 'pdf', ''),
(518, 201503, '12.0', 'True', '2015-03-30 00:00:00', 'True', '2015-04-02 00:00:00', 'pdf', ''),
(518, 201504, '21.0', 'True', '2015-04-30 00:00:00', 'True', '2015-05-05 00:00:00', 'pdf', ''),
(518, 201505, '17.0', 'True', '2015-06-01 00:00:00', 'True', '2015-06-05 00:00:00', 'pdf', ''),
(518, 201506, '12.0', 'True', '2015-07-01 00:00:00', 'True', '2015-07-03 00:00:00', 'pdf', ''),
(518, 201507, '21.0', 'True', '2015-07-29 00:00:00', 'True', '2015-07-30 00:00:00', 'pdf', ''),
(518, 201508, '21.0', 'True', '2015-10-01 00:00:00', 'True', '2015-10-01 00:00:00', 'pdf', ''),
(518, 201509, '22.0', 'True', '2015-10-01 00:00:00', 'True', '2015-10-01 00:00:00', 'pdf', ''),
(519, 201503, '11.0', 'True', '2015-03-30 00:00:00', 'True', '2015-04-01 00:00:00', 'pdf', ''),
(519, 201504, '21.0', 'True', '2015-04-27 00:00:00', 'True', '2015-05-07 00:00:00', 'pdf', ''),
(519, 201505, '17.0', 'True', '2015-05-26 00:00:00', 'True', '2015-06-05 00:00:00', 'pdf', ''),
(519, 201506, '22.0', 'True', '2015-06-29 00:00:00', 'True', '2015-06-30 00:00:00', 'pdf', ''),
(519, 201507, '21.0', 'True', '2015-07-28 00:00:00', 'True', '2015-07-28 00:00:00', 'pdf', ''),
(520, 201503, '6.5', 'True', '2015-03-31 00:00:00', 'True', '2015-04-08 00:00:00', 'pdf', ''),
(520, 201504, '21.0', 'True', '2015-04-30 00:00:00', 'True', '2015-04-30 00:00:00', 'pdf', ''),
(520, 201505, '17.0', 'True', '2015-05-26 00:00:00', 'True', '2015-05-28 00:00:00', 'pdf', ''),
(520, 201506, '22.0', 'True', '2015-06-30 00:00:00', 'True', '2015-07-03 00:00:00', 'pdf', ''),
(520, 201507, '19.0', 'True', '2015-07-29 00:00:00', 'True', '2015-07-30 00:00:00', 'pdf', ''),
(520, 201508, '5.0', 'True', '2015-08-05 00:00:00', 'True', '2015-08-07 00:00:00', 'pdf', ''),
(521, 201503, '7.0', 'True', '2015-03-31 00:00:00', 'True', '2015-04-03 00:00:00', 'pdf', ''),
(521, 201504, '21.0', 'True', '2015-04-30 00:00:00', 'True', '2015-05-05 00:00:00', 'pdf', ''),
(521, 201505, '17.0', 'True', '2015-05-26 00:00:00', 'True', '2015-05-28 00:00:00', 'pdf', ''),
(521, 201506, '22.0', 'True', '2015-06-30 00:00:00', 'True', '2015-07-01 00:00:00', 'pdf', ''),
(521, 201507, '22.0', 'True', '2015-07-28 00:00:00', 'True', '2015-07-30 00:00:00', 'pdf', ''),
(521, 201508, '21.0', 'True', '2015-08-21 00:00:00', 'True', '2015-09-14 00:00:00', 'pdf', ''),
(521, 201509, '22.0', 'True', '2015-09-28 00:00:00', 'True', '2015-09-30 00:00:00', 'pdf', ''),
(521, 201510, '22.0', 'True', '2015-10-27 00:00:00', 'False', '', '', ''),
(521, 201511, '20.0', 'False', '', 'False', '', '', ''),
(521, 201512, '22.0', 'False', '', 'False', '', '', ''),
(522, 201503, '22.0', 'True', '2015-03-25 00:00:00', 'True', '2015-03-30 00:00:00', 'pdf', ''),
(523, 201503, '2.0', 'True', '2015-03-30 00:00:00', 'True', '2015-04-01 00:00:00', 'pdf', ''),
(523, 201504, '20.0', 'True', '2015-04-28 00:00:00', 'True', '2015-04-28 00:00:00', 'pdf', ''),
(523, 201505, '17.0', 'True', '2015-05-26 00:00:00', 'True', '2015-05-28 00:00:00', 'pdf', ''),
(523, 201506, '21.0', 'True', '2015-06-29 00:00:00', 'True', '2015-07-01 00:00:00', 'pdf', ''),
(523, 201507, '22.0', 'True', '2015-07-28 00:00:00', 'True', '2015-07-30 00:00:00', 'pdf', ''),
(523, 201508, '11.0', 'True', '2015-08-20 00:00:00', 'True', '2015-09-14 00:00:00', 'pdf', ''),
(523, 201509, '22.0', 'True', '2015-09-28 00:00:00', 'True', '2015-09-28 00:00:00', 'pdf', ''),
(523, 201510, '22.0', 'True', '2015-10-27 00:00:00', 'False', '', '', ''),
(523, 201511, '20.0', 'False', '', 'False', '', '', ''),
(523, 201512, '22.0', 'False', '', 'False', '', '', ''),
(524, 201503, '8.0', 'True', '2015-04-01 00:00:00', 'False', '', '', ''),
(524, 201504, '17.0', 'True', '2015-04-27 00:00:00', 'True', '2015-05-11 00:00:00', 'pdf', ''),
(527, 201503, '15.0', 'True', '2015-03-31 00:00:00', 'True', '2015-04-02 00:00:00', 'pdf', ''),
(527, 201504, '21.0', 'True', '2015-04-30 00:00:00', 'True', '2015-05-05 00:00:00', 'pdf', ''),
(527, 201505, '16.0', 'True', '2015-05-29 00:00:00', 'True', '2015-06-05 00:00:00', 'pdf', ''),
(527, 201506, '20.0', 'True', '2015-07-01 00:00:00', 'True', '2015-07-03 00:00:00', 'pdf', ''),
(529, 201503, '15.0', 'True', '2015-03-31 00:00:00', 'True', '2015-04-02 00:00:00', 'pdf', ''),
(529, 201504, '21.0', 'True', '2015-04-30 00:00:00', 'True', '2015-05-05 00:00:00', 'pdf', ''),
(529, 201505, '16.0', 'True', '2015-05-29 00:00:00', 'True', '2015-06-05 00:00:00', 'pdf', ''),
(529, 201506, '16.0', 'True', '2015-07-01 00:00:00', 'True', '2015-07-03 00:00:00', 'pdf', ''),
(530, 201503, '15.0', 'True', '2015-03-31 00:00:00', 'True', '2015-04-02 00:00:00', 'pdf', ''),
(530, 201504, '21.0', 'True', '2015-04-30 00:00:00', 'True', '2015-05-05 00:00:00', 'pdf', ''),
(530, 201505, '16.0', 'True', '2015-05-29 00:00:00', 'True', '2015-06-05 00:00:00', 'pdf', ''),
(530, 201506, '17.0', 'True', '2015-07-01 00:00:00', 'True', '2015-07-03 00:00:00', 'pdf', ''),
(531, 201503, '15.0', 'True', '2015-03-31 00:00:00', 'True', '2015-04-02 00:00:00', 'pdf', ''),
(531, 201504, '21.0', 'True', '2015-04-30 00:00:00', 'True', '2015-04-30 00:00:00', 'pdf', ''),
(531, 201505, '16.5', 'True', '2015-05-29 00:00:00', 'True', '2015-06-05 00:00:00', 'pdf', ''),
(531, 201506, '20.0', 'True', '2015-06-30 00:00:00', 'True', '2015-07-15 00:00:00', 'pdf', ''),
(532, 201503, '15.0', 'True', '2015-03-31 00:00:00', 'True', '2015-04-02 00:00:00', 'pdf', ''),
(532, 201504, '21.0', 'True', '2015-04-30 00:00:00', 'True', '2015-05-04 00:00:00', 'pdf', ''),
(532, 201505, '16.0', 'True', '2015-05-29 00:00:00', 'True', '2015-06-05 00:00:00', 'pdf', ''),
(532, 201506, '22.0', 'True', '2015-07-01 00:00:00', 'True', '2015-07-03 00:00:00', 'pdf', ''),
(533, 201503, '15.0', 'True', '2015-03-31 00:00:00', 'True', '2015-04-02 00:00:00', 'pdf', ''),
(533, 201504, '21.0', 'True', '2015-04-30 00:00:00', 'True', '2015-05-05 00:00:00', 'pdf', ''),
(533, 201505, '16.0', 'True', '2015-05-29 00:00:00', 'True', '2015-06-05 00:00:00', 'pdf', ''),
(533, 201506, '17.0', 'True', '2015-07-01 00:00:00', 'True', '2015-07-03 00:00:00', 'pdf', ''),
(534, 201504, '14.0', 'True', '2015-04-30 00:00:00', 'True', '2015-04-30 00:00:00', 'pdf', ''),
(534, 201505, '2.0', 'True', '2015-05-07 00:00:00', 'True', '2015-05-18 00:00:00', 'pdf', ''),
(536, 201504, '9.0', 'True', '2015-04-28 00:00:00', 'True', '2015-04-30 00:00:00', 'pdf', ''),
(537, 201504, '14.0', 'True', '2015-04-23 00:00:00', 'True', '2015-04-30 00:00:00', 'pdf', ''),
(537, 201505, '8.0', 'True', '2015-05-18 00:00:00', 'True', '2015-05-19 00:00:00', 'pdf', ''),
(538, 201504, '13.5', 'True', '2015-04-28 00:00:00', 'True', '2015-04-30 00:00:00', 'pdf', ''),
(538, 201505, '8.0', 'True', '2015-05-18 00:00:00', 'True', '2015-05-19 00:00:00', 'pdf', ''),
(539, 201504, '21.0', 'True', '2015-04-27 00:00:00', 'True', '2015-05-05 00:00:00', 'pdf', ''),
(541, 201504, '1.0', 'True', '2015-04-27 00:00:00', 'True', '2015-05-05 00:00:00', 'pdf', ''),
(542, 201504, '18.5', 'True', '2015-04-27 00:00:00', 'True', '2015-05-05 00:00:00', 'pdf', ''),
(543, 201504, '1.0', 'True', '2015-05-11 00:00:00', 'True', '2015-05-13 00:00:00', 'pdf', ''),
(543, 201505, '17.0', 'True', '2015-05-26 00:00:00', 'True', '2015-06-09 00:00:00', 'pdf', ''),
(543, 201506, '22.0', 'True', '2015-06-30 00:00:00', 'True', '2015-07-06 00:00:00', 'pdf', ''),
(543, 201507, '21.0', 'True', '2015-07-28 00:00:00', 'True', '2015-08-05 00:00:00', 'pdf', ''),
(543, 201508, '20.0', 'True', '2015-08-20 00:00:00', 'True', '2015-09-14 00:00:00', 'pdf', ''),
(543, 201509, '22.0', 'True', '2015-09-28 00:00:00', 'True', '2015-10-06 00:00:00', 'pdf', ''),
(543, 201510, '22.0', 'True', '2015-10-27 00:00:00', 'False', '', '', ''),
(543, 201511, '20.0', 'False', '', 'False', '', '', ''),
(543, 201512, '22.0', 'False', '', 'False', '', '', ''),
(544, 201505, '11.5', 'True', '2015-05-26 00:00:00', 'True', '2015-06-01 00:00:00', 'pdf', ''),
(544, 201506, '19.5', 'True', '2015-06-25 00:00:00', 'True', '2015-07-02 00:00:00', 'pdf', ''),
(544, 201507, '21.5', 'True', '2015-07-28 00:00:00', 'True', '2015-07-31 00:00:00', 'pdf', ''),
(544, 201508, '18.5', 'True', '2015-08-20 00:00:00', 'False', '', '', ''),
(544, 201509, '19.0', 'True', '2015-09-28 00:00:00', 'True', '2015-09-30 00:00:00', 'pdf', ''),
(544, 201510, '22.0', 'True', '2015-10-27 00:00:00', 'True', '2015-10-29 00:00:00', 'pdf', ''),
(544, 201511, '20.0', 'False', '', 'False', '', '', ''),
(544, 201512, '22.0', 'False', '', 'False', '', '', ''),
(545, 201506, '15.0', 'True', '2015-06-29 00:00:00', 'True', '2015-07-03 00:00:00', 'pdf', ''),
(546, 201505, '15.0', 'True', '2015-05-28 00:00:00', 'True', '2015-05-29 00:00:00', 'pdf', ''),
(546, 201506, '21.5', 'True', '2015-06-29 00:00:00', 'True', '2015-06-30 00:00:00', 'pdf', ''),
(546, 201507, '21.0', 'True', '2015-07-28 00:00:00', 'True', '2015-08-03 00:00:00', 'pdf', ''),
(546, 201508, '18.0', 'True', '2015-08-20 00:00:00', 'True', '2015-09-14 00:00:00', 'pdf', ''),
(546, 201509, '4.0', 'True', '2015-09-14 00:00:00', 'True', '2015-10-19 00:00:00', 'pdf', ''),
(548, 201505, '5.0', 'True', '2015-05-12 00:00:00', 'True', '2015-05-19 00:00:00', 'pdf', ''),
(549, 201504, '12.0', 'True', '2015-05-12 00:00:00', 'True', '2015-05-19 00:00:00', 'pdf', ''),
(549, 201505, '16.0', 'True', '2015-05-28 00:00:00', 'True', '2015-05-29 00:00:00', 'pdf', ''),
(549, 201506, '2.0', 'True', '2015-06-01 00:00:00', 'True', '2015-06-03 00:00:00', 'pdf', ''),
(550, 201506, '21.5', 'True', '2015-06-30 00:00:00', 'True', '2015-07-02 00:00:00', 'pdf', ''),
(550, 201507, '3.0', 'True', '2015-07-03 00:00:00', 'True', '2015-07-03 00:00:00', 'pdf', ''),
(551, 201505, '16.0', 'True', '2015-05-26 00:00:00', 'True', '2015-05-29 00:00:00', 'pdf', ''),
(551, 201506, '16.0', 'True', '2015-06-30 00:00:00', 'True', '2015-07-03 00:00:00', 'pdf', ''),
(551, 201507, '22.0', 'True', '2015-07-29 00:00:00', 'True', '2015-07-31 00:00:00', 'pdf', ''),
(551, 201508, '7.0', 'True', '2015-09-14 00:00:00', 'True', '2015-09-14 00:00:00', 'pdf', ''),
(552, 201505, '4.0', 'True', '2015-06-08 00:00:00', 'True', '2015-06-09 00:00:00', 'pdf', ''),
(552, 201506, '18.5', 'True', '2015-06-30 00:00:00', 'True', '2015-07-06 00:00:00', 'pdf', ''),
(554, 201505, '17.0', 'True', '2015-05-26 00:00:00', 'True', '2015-05-27 00:00:00', 'pdf', ''),
(554, 201506, '12.0', 'True', '2015-06-29 00:00:00', 'True', '2015-06-29 00:00:00', 'pdf', ''),
(554, 201507, '8.0', 'True', '2015-07-22 00:00:00', 'True', '2015-07-22 00:00:00', 'pdf', ''),
(554, 201508, '21.0', 'True', '2015-09-16 00:00:00', 'True', '2015-09-16 00:00:00', 'pdf', ''),
(555, 201505, '17.0', 'True', '2015-05-26 00:00:00', 'True', '2015-05-27 00:00:00', 'pdf', ''),
(555, 201506, '22.0', 'True', '2015-06-29 00:00:00', 'True', '2015-06-29 00:00:00', 'pdf', ''),
(556, 201505, '17.0', 'True', '2015-05-26 00:00:00', 'True', '2015-05-27 00:00:00', 'pdf', ''),
(558, 201505, '13.0', 'True', '2015-06-01 00:00:00', 'True', '2015-06-02 00:00:00', 'pdf', ''),
(558, 201506, '20.0', 'True', '2015-06-30 00:00:00', 'True', '2015-07-06 00:00:00', 'pdf', ''),
(558, 201507, '19.0', 'True', '2015-07-28 00:00:00', 'True', '2015-07-30 00:00:00', 'pdf', ''),
(558, 201508, '16.0', 'True', '2015-08-20 00:00:00', 'True', '2015-09-14 00:00:00', 'pdf', ''),
(558, 201509, '22.0', 'True', '2015-09-28 00:00:00', 'True', '2015-09-28 00:00:00', 'pdf', ''),
(558, 201510, '21.0', 'True', '2015-10-27 00:00:00', 'False', '', '', ''),
(558, 201511, '20.0', 'False', '', 'False', '', '', ''),
(558, 201512, '21.5', 'False', '', 'False', '', '', ''),
(559, 201505, '9.0', 'True', '2015-06-08 00:00:00', 'True', '2015-06-09 00:00:00', 'pdf', ''),
(559, 201506, '22.0', 'True', '2015-06-30 00:00:00', 'True', '2015-07-06 00:00:00', 'pdf', ''),
(559, 201507, '3.0', 'True', '2015-07-29 00:00:00', 'True', '2015-07-30 00:00:00', 'pdf', ''),
(560, 201506, '21.0', 'True', '2015-07-16 00:00:00', 'True', '2015-07-16 00:00:00', 'pdf', ''),
(560, 201507, '22.0', 'True', '2015-07-30 00:00:00', 'True', '2015-07-30 00:00:00', 'pdf', ''),
(560, 201508, '21.0', 'True', '2015-09-15 00:00:00', 'True', '2015-09-15 00:00:00', 'pdf', ''),
(560, 201509, '22.0', 'True', '2015-10-01 00:00:00', 'True', '2015-10-01 00:00:00', 'pdf', ''),
(561, 201506, '9.5', 'True', '2015-06-30 00:00:00', 'True', '2015-07-02 00:00:00', 'pdf', ''),
(562, 201506, '21.0', 'True', '2015-06-30 00:00:00', 'True', '2015-06-30 00:00:00', 'pdf', ''),
(562, 201507, '10.0', 'True', '2015-07-29 00:00:00', 'True', '2015-07-31 00:00:00', 'pdf', ''),
(562, 201508, '20.0', 'True', '2015-08-20 00:00:00', 'True', '2015-09-14 00:00:00', 'pdf', ''),
(562, 201509, '18.0', 'True', '2015-09-28 00:00:00', 'True', '2015-10-01 00:00:00', 'pdf', ''),
(562, 201510, '4.5', 'True', '2015-10-27 00:00:00', 'False', '', '', ''),
(562, 201511, '20.0', 'False', '', 'False', '', '', ''),
(562, 201512, '22.0', 'False', '', 'False', '', '', ''),
(563, 201506, '1.0', 'True', '2015-06-03 00:00:00', 'True', '2015-06-09 00:00:00', 'pdf', ''),
(565, 201506, '16.0', 'True', '2015-06-29 00:00:00', 'True', '2015-07-06 00:00:00', 'pdf', ''),
(565, 201507, '3.0', 'True', '2015-07-30 00:00:00', 'True', '2015-07-30 00:00:00', 'pdf', ''),
(565, 201508, '16.0', 'True', '2015-08-20 00:00:00', 'True', '2015-09-14 00:00:00', 'pdf', ''),
(565, 201509, '18.0', 'True', '2015-09-24 00:00:00', 'True', '2015-09-25 00:00:00', 'pdf', ''),
(566, 201506, '21.5', 'True', '2015-06-30 00:00:00', 'True', '2015-06-30 00:00:00', 'pdf', ''),
(566, 201507, '22.0', 'True', '2015-07-28 00:00:00', 'True', '2015-07-31 00:00:00', 'pdf', ''),
(566, 201508, '20.5', 'True', '2015-08-20 00:00:00', 'True', '2015-09-14 00:00:00', 'pdf', ''),
(566, 201509, '22.0', 'True', '2015-09-28 00:00:00', 'True', '2015-10-06 00:00:00', 'pdf', ''),
(566, 201510, '22.0', 'True', '2015-10-27 00:00:00', 'False', '', '', ''),
(566, 201511, '20.0', 'False', '', 'False', '', '', ''),
(566, 201512, '22.0', 'False', '', 'False', '', '', ''),
(567, 201506, '7.5', 'True', '2015-06-09 00:00:00', 'True', '2015-07-02 00:00:00', 'pdf', ''),
(568, 201506, '2.0', 'True', '2015-06-16 00:00:00', 'True', '2015-06-17 00:00:00', 'pdf', ''),
(569, 201506, '2.0', 'True', '2015-06-16 00:00:00', 'True', '2015-06-17 00:00:00', 'pdf', ''),
(570, 201506, '8.0', 'True', '2015-06-16 00:00:00', 'True', '2015-06-16 00:00:00', 'pdf', ''),
(571, 201506, '3.0', 'True', '2015-07-01 00:00:00', 'True', '2015-07-03 00:00:00', 'pdf', ''),
(572, 201506, '5.0', 'True', '2015-06-30 00:00:00', 'True', '2015-06-30 00:00:00', 'pdf', ''),
(573, 201506, '7.0', 'True', '2015-06-30 00:00:00', 'True', '2015-07-01 00:00:00', 'pdf', ''),
(573, 201507, '13.5', 'True', '2015-07-30 00:00:00', 'True', '2015-07-30 00:00:00', 'pdf', ''),
(573, 201508, '18.0', 'True', '2015-08-20 00:00:00', 'True', '2015-09-14 00:00:00', 'pdf', ''),
(573, 201509, '17.0', 'True', '2015-09-28 00:00:00', 'True', '2015-09-30 00:00:00', 'pdf', ''),
(573, 201510, '22.0', 'True', '2015-10-27 00:00:00', 'False', '', '', ''),
(574, 201506, '1.0', 'True', '2015-06-18 00:00:00', 'True', '2015-06-24 00:00:00', 'pdf', ''),
(575, 201506, '1.0', 'True', '2015-06-18 00:00:00', 'True', '2015-06-24 00:00:00', 'pdf', ''),
(576, 201506, '4.0', 'True', '2015-06-24 00:00:00', 'True', '2015-06-25 00:00:00', 'pdf', ''),
(577, 201506, '4.0', 'True', '2015-06-24 00:00:00', 'True', '2015-06-25 00:00:00', 'pdf', ''),
(578, 201506, '5.5', 'True', '2015-06-30 00:00:00', 'True', '2015-07-02 00:00:00', 'pdf', ''),
(580, 201507, '18.0', 'True', '2015-07-28 00:00:00', 'True', '2015-08-03 00:00:00', 'pdf', ''),
(580, 201508, '21.0', 'True', '2015-09-14 00:00:00', 'True', '2015-09-14 00:00:00', 'pdf', ''),
(580, 201509, '4.0', 'True', '2015-09-28 00:00:00', 'True', '2015-10-08 00:00:00', 'pdf', ''),
(581, 201506, '21.0', 'True', '2015-06-29 00:00:00', 'True', '2015-06-29 00:00:00', 'pdf', ''),
(581, 201507, '17.0', 'True', '2015-07-22 00:00:00', 'True', '2015-07-22 00:00:00', 'pdf', ''),
(581, 201508, '11.0', 'True', '2015-09-16 00:00:00', 'True', '2015-09-16 00:00:00', 'pdf', ''),
(584, 201506, '1.0', 'True', '2015-06-30 00:00:00', 'True', '2015-06-30 00:00:00', 'pdf', ''),
(585, 201506, '1.0', 'True', '2015-06-30 00:00:00', 'True', '2015-06-30 00:00:00', 'pdf', ''),
(586, 201506, '1.0', 'True', '2015-06-30 00:00:00', 'True', '2015-06-30 00:00:00', 'pdf', ''),
(587, 201506, '1.0', 'True', '2015-06-30 00:00:00', 'True', '2015-06-30 00:00:00', 'pdf', ''),
(588, 201506, '1.0', 'True', '2015-06-30 00:00:00', 'True', '2015-06-30 00:00:00', 'pdf', ''),
(589, 201506, '1.0', 'True', '2015-06-30 00:00:00', 'True', '2015-06-30 00:00:00', 'pdf', ''),
(590, 201506, '11.5', 'True', '2015-06-30 00:00:00', 'True', '2015-07-02 00:00:00', 'pdf', ''),
(590, 201507, '2.0', 'True', '2015-07-03 00:00:00', 'True', '2015-07-03 00:00:00', 'pdf', ''),
(591, 201507, '3.0', 'True', '2015-07-28 00:00:00', 'True', '2015-07-31 00:00:00', 'pdf', ''),
(592, 201507, '21.0', 'True', '2015-07-28 00:00:00', 'True', '2015-08-03 00:00:00', 'pdf', ''),
(592, 201508, '21.0', 'True', '2015-08-20 00:00:00', 'True', '2015-09-14 00:00:00', 'pdf', ''),
(592, 201509, '22.0', 'True', '2015-09-28 00:00:00', 'True', '2015-10-02 00:00:00', 'pdf', ''),
(592, 201510, '22.0', 'True', '2015-10-27 00:00:00', 'False', '', '', ''),
(592, 201511, '20.0', 'False', '', 'False', '', '', ''),
(592, 201512, '22.0', 'False', '', 'False', '', '', ''),
(593, 201507, '22.0', 'True', '2015-07-29 00:00:00', 'True', '2015-07-31 00:00:00', 'pdf', ''),
(593, 201508, '16.0', 'True', '2015-09-16 00:00:00', 'True', '2015-09-16 00:00:00', 'pdf', ''),
(593, 201509, '22.0', 'True', '2015-10-06 00:00:00', 'True', '2015-10-12 00:00:00', 'pdf', ''),
(593, 201510, '22.0', 'True', '2015-10-27 00:00:00', 'False', '', '', ''),
(593, 201511, '20.0', 'False', '', 'False', '', '', ''),
(593, 201512, '22.0', 'False', '', 'False', '', '', ''),
(595, 201507, '22.0', 'True', '2015-07-28 00:00:00', 'True', '2015-07-30 00:00:00', 'pdf', ''),
(595, 201508, '21.0', 'True', '2015-08-20 00:00:00', 'True', '2015-08-21 00:00:00', 'pdf', ''),
(595, 201509, '17.0', 'True', '2015-09-28 00:00:00', 'True', '2015-09-30 00:00:00', 'pdf', ''),
(595, 201510, '22.0', 'True', '2015-10-27 00:00:00', 'True', '2015-10-29 00:00:00', 'pdf', ''),
(595, 201511, '7.0', 'False', '', 'False', '', '', ''),
(596, 201507, '1.0', 'True', '2015-07-06 00:00:00', 'True', '2015-07-07 00:00:00', 'pdf', ''),
(597, 201507, '1.0', 'True', '2015-07-06 00:00:00', 'True', '2015-07-06 00:00:00', 'pdf', ''),
(600, 201507, '1.0', 'True', '2015-07-29 00:00:00', 'True', '2015-07-06 00:00:00', 'pdf', ''),
(601, 201507, '1.0', 'True', '2015-07-06 00:00:00', 'True', '2015-07-06 00:00:00', 'pdf', ''),
(602, 201507, '1.0', 'True', '2015-07-06 00:00:00', 'True', '2015-07-06 00:00:00', 'pdf', ''),
(603, 201507, '0.0', 'False', '', 'True', '2015-07-06 00:00:00', 'pdf', ''),
(604, 201507, '9.0', 'True', '2015-07-28 00:00:00', 'True', '2015-07-31 00:00:00', 'pdf', ''),
(605, 201508, '21.0', 'True', '2015-08-20 00:00:00', 'True', '2015-09-29 00:00:00', 'pdf', ''),
(605, 201509, '22.0', 'True', '2015-09-28 00:00:00', 'True', '2015-09-29 00:00:00', 'pdf', ''),
(605, 201510, '22.0', 'True', '2015-10-26 00:00:00', 'True', '2015-10-28 00:00:00', 'pdf', ''),
(605, 201511, '20.0', 'False', '', 'False', '', '', ''),
(605, 201512, '22.0', 'False', '', 'False', '', '', ''),
(606, 201507, '4.0', 'True', '2015-07-23 00:00:00', 'True', '2015-07-28 00:00:00', 'pdf', ''),
(607, 201507, '18.0', 'True', '2015-07-29 00:00:00', 'True', '2015-07-30 00:00:00', 'pdf', ''),
(607, 201508, '21.0', 'True', '2015-08-20 00:00:00', 'True', '2015-09-14 00:00:00', 'pdf', ''),
(607, 201509, '22.0', 'True', '2015-09-28 00:00:00', 'True', '2015-09-30 00:00:00', 'pdf', ''),
(607, 201510, '22.0', 'True', '2015-10-27 00:00:00', 'True', '2015-10-27 00:00:00', 'pdf', ''),
(607, 201511, '20.0', 'False', '', 'False', '', '', ''),
(607, 201512, '22.0', 'False', '', 'False', '', '', ''),
(608, 201507, '5.0', 'True', '2015-07-29 00:00:00', 'True', '2015-07-29 00:00:00', 'pdf', ''),
(609, 201507, '2.0', 'True', '2015-07-13 00:00:00', 'True', '2015-07-15 00:00:00', 'pdf', ''),
(610, 201507, '2.0', 'True', '2015-07-13 00:00:00', 'True', '2015-07-15 00:00:00', 'pdf', ''),
(611, 201507, '12.0', 'True', '2015-07-30 00:00:00', 'True', '2015-07-31 00:00:00', 'pdf', ''),
(611, 201508, '15.0', 'True', '2015-08-20 00:00:00', 'True', '2015-08-21 00:00:00', 'pdf', ''),
(612, 201507, '13.0', 'False', '', 'False', '', '', ''),
(612, 201508, '11.0', 'True', '2015-08-20 00:00:00', 'True', '2015-09-14 00:00:00', 'pdf', ''),
(612, 201509, '4.0', 'True', '2015-09-15 00:00:00', 'True', '2015-09-17 00:00:00', 'pdf', ''),
(614, 201507, '1.0', 'True', '2015-07-29 00:00:00', 'True', '2015-07-24 00:00:00', 'pdf', ''),
(615, 201507, '1.0', 'True', '2015-07-24 00:00:00', 'True', '2015-07-24 00:00:00', 'pdf', ''),
(616, 201507, '1.0', 'True', '2015-07-24 00:00:00', 'True', '2015-07-24 00:00:00', 'pdf', ''),
(617, 201507, '1.0', 'True', '2015-07-24 00:00:00', 'True', '2015-07-24 00:00:00', 'pdf', ''),
(618, 201507, '1.0', 'False', '', 'False', '', '', ''),
(619, 201507, '5.0', 'True', '2015-07-28 00:00:00', 'True', '2015-07-31 00:00:00', 'pdf', ''),
(620, 201507, '5.0', 'True', '2015-07-21 00:00:00', 'True', '2015-07-21 00:00:00', 'pdf', ''),
(622, 201507, '22.0', 'True', '2015-07-22 00:00:00', 'True', '2015-07-22 00:00:00', 'pdf', ''),
(624, 201507, '3.0', 'True', '2015-07-30 00:00:00', 'True', '2015-08-03 00:00:00', 'pdf', ''),
(624, 201508, '10.0', 'True', '2015-08-17 00:00:00', 'True', '2015-08-19 00:00:00', 'pdf', ''),
(625, 201508, '1.0', 'True', '2015-08-10 00:00:00', 'True', '2015-08-17 00:00:00', 'pdf', ''),
(626, 201507, '0.0', 'True', '2015-07-29 00:00:00', 'False', '', '', ''),
(627, 201507, '0.0', 'True', '2015-07-29 00:00:00', 'False', '', '', ''),
(628, 201507, '0.0', 'False', '', 'False', '', '', ''),
(629, 201507, '5.0', 'True', '2015-07-28 00:00:00', 'True', '2015-07-31 00:00:00', 'pdf', ''),
(629, 201508, '23.5', 'True', '2015-08-21 00:00:00', 'True', '2015-09-14 00:00:00', 'pdf', ''),
(629, 201509, '16.0', 'True', '2015-09-21 00:00:00', 'True', '2015-10-19 00:00:00', 'pdf', ''),
(631, 201507, '10.0', 'True', '2015-07-28 00:00:00', 'True', '2015-07-28 00:00:00', 'pdf', ''),
(631, 201508, '21.0', 'True', '2015-08-20 00:00:00', 'True', '2015-08-24 00:00:00', 'pdf', ''),
(631, 201509, '22.0', 'True', '2015-09-28 00:00:00', 'True', '2015-09-29 00:00:00', 'pdf', ''),
(631, 201510, '22.0', 'True', '2015-10-27 00:00:00', 'True', '2015-10-28 00:00:00', 'pdf', ''),
(631, 201511, '20.0', 'False', '', 'False', '', '', ''),
(631, 201512, '22.0', 'False', '', 'False', '', '', ''),
(632, 201508, '6.0', 'True', '2015-08-24 00:00:00', 'True', '2015-09-14 00:00:00', 'pdf', ''),
(632, 201509, '22.0', 'True', '2015-09-28 00:00:00', 'True', '2015-10-05 00:00:00', 'pdf', ''),
(632, 201510, '22.0', 'True', '2015-10-27 00:00:00', 'False', '', '', ''),
(632, 201511, '20.0', 'False', '', 'False', '', '', ''),
(632, 201512, '22.0', 'False', '', 'False', '', '', ''),
(634, 201508, '1.0', 'True', '2015-08-10 00:00:00', 'True', '2015-08-17 00:00:00', 'pdf', ''),
(635, 201508, '1.0', 'True', '2015-08-10 00:00:00', 'True', '2015-08-17 00:00:00', 'pdf', ''),
(636, 201508, '16.0', 'True', '2015-09-14 00:00:00', 'True', '2015-09-14 00:00:00', 'pdf', ''),
(636, 201509, '22.0', 'True', '2015-09-28 00:00:00', 'True', '2015-09-30 00:00:00', 'pdf', ''),
(636, 201510, '22.0', 'True', '2015-10-27 00:00:00', 'False', '', '', ''),
(636, 201511, '20.0', 'False', '', 'False', '', '', ''),
(636, 201512, '22.0', 'False', '', 'False', '', '', ''),
(637, 201508, '2.0', 'True', '2015-08-24 00:00:00', 'False', '', '', ''),
(639, 201508, '2.0', 'True', '2015-09-14 00:00:00', 'True', '2015-10-06 00:00:00', 'pdf', ''),
(639, 201509, '14.0', 'True', '2015-09-28 00:00:00', 'True', '2015-10-06 00:00:00', 'pdf', ''),
(640, 201509, '17.5', 'True', '2015-10-01 00:00:00', 'True', '2015-10-02 00:00:00', 'pdf', ''),
(641, 201508, '1.0', 'True', '2015-09-14 00:00:00', 'True', '2015-09-29 00:00:00', 'pdf', ''),
(641, 201509, '22.0', 'True', '2015-09-28 00:00:00', 'True', '2015-09-29 00:00:00', 'pdf', ''),
(641, 201510, '7.0', 'True', '2015-10-27 00:00:00', 'False', '', '', ''),
(642, 201509, '2.0', 'True', '2015-09-28 00:00:00', 'True', '2015-10-12 00:00:00', 'pdf', ''),
(643, 201509, '2.5', 'True', '2015-09-14 00:00:00', 'False', '', '', ''),
(644, 201508, '1.0', 'True', '2015-09-15 00:00:00', 'True', '2015-09-15 00:00:00', 'pdf', ''),
(645, 201509, '15.0', 'True', '2015-10-01 00:00:00', 'True', '2015-10-01 00:00:00', 'pdf', ''),
(646, 201509, '2.0', 'False', '', 'False', '', '', ''),
(647, 201509, '1.5', 'True', '2015-09-21 00:00:00', 'True', '2015-09-21 00:00:00', 'pdf', ''),
(648, 201509, '2.0', 'True', '2015-09-28 00:00:00', 'True', '2015-10-12 00:00:00', 'pdf', ''),
(649, 201509, '1.0', 'True', '2015-09-28 00:00:00', 'True', '2015-10-12 00:00:00', 'pdf', ''),
(651, 201508, '21.0', 'True', '2015-09-16 00:00:00', 'True', '2015-09-16 00:00:00', 'pdf', ''),
(651, 201509, '22.0', 'True', '2015-10-01 00:00:00', 'True', '2015-10-01 00:00:00', 'pdf', ''),
(653, 201509, '11.0', 'True', '2015-09-29 00:00:00', 'True', '2015-09-30 00:00:00', 'pdf', ''),
(653, 201510, '22.0', 'True', '2015-10-27 00:00:00', 'True', '2015-10-28 00:00:00', 'pdf', ''),
(653, 201511, '20.0', 'False', '', 'False', '', '', ''),
(653, 201512, '22.0', 'False', '', 'False', '', '', ''),
(654, 201509, '1.0', 'True', '2015-09-28 00:00:00', 'True', '2015-10-12 00:00:00', 'pdf', ''),
(655, 201509, '1.0', 'True', '2015-09-28 00:00:00', 'True', '2015-10-12 00:00:00', 'pdf', ''),
(657, 201509, '1.0', 'True', '2015-09-28 00:00:00', 'True', '2015-10-08 00:00:00', 'pdf', ''),
(658, 201510, '21.0', 'False', '', 'False', '', '', ''),
(658, 201511, '20.0', 'False', '', 'False', '', '', ''),
(658, 201512, '22.0', 'False', '', 'False', '', '', ''),
(659, 201510, '22.0', 'True', '2015-10-27 00:00:00', 'True', '2015-10-27 00:00:00', 'pdf', ''),
(660, 201509, '8.0', 'True', '2015-09-28 00:00:00', 'True', '2015-10-06 00:00:00', 'pdf', ''),
(660, 201510, '2.0', 'True', '2015-10-27 00:00:00', 'False', '', '', ''),
(661, 201509, '1.0', 'True', '2015-09-30 00:00:00', 'True', '2015-10-12 00:00:00', 'pdf', ''),
(662, 201510, '13.5', 'True', '2015-10-27 00:00:00', 'False', '', '', '');
INSERT INTO `inter_jo` (`int_id`, `anneemois`, `nb_jo`, `cra_sent`, `cra_sentdate`, `cra_rec`, `cra_recdate`, `cra_recext`, `int_fact`) VALUES
(662, 201511, '20.0', 'False', '', 'False', '', '', ''),
(662, 201512, '22.0', 'False', '', 'False', '', '', ''),
(663, 201509, '1.0', 'True', '2015-09-28 00:00:00', 'True', '2015-10-12 00:00:00', 'pdf', ''),
(665, 201509, '12.0', 'True', '2015-09-29 00:00:00', 'True', '2015-09-29 00:00:00', 'pdf', ''),
(665, 201510, '7.0', 'True', '2015-10-27 00:00:00', 'True', '2015-10-08 00:00:00', 'pdf', ''),
(666, 201509, '12.0', 'True', '2015-09-29 00:00:00', 'True', '2015-09-29 00:00:00', 'pdf', ''),
(666, 201510, '7.0', 'True', '2015-10-08 00:00:00', 'True', '2015-10-08 00:00:00', 'pdf', ''),
(667, 201509, '1.0', 'True', '2015-10-01 00:00:00', 'True', '2015-10-23 00:00:00', 'pdf', ''),
(668, 201509, '1.0', 'True', '2015-10-01 00:00:00', 'True', '2015-10-23 00:00:00', 'pdf', ''),
(669, 201509, '2.0', 'True', '2015-09-30 00:00:00', 'True', '2015-10-12 00:00:00', 'pdf', ''),
(669, 201510, '2.0', 'True', '2015-10-02 00:00:00', 'True', '2015-10-12 00:00:00', 'pdf', ''),
(670, 201509, '21.5', 'True', '2015-10-01 00:00:00', 'True', '2015-10-01 00:00:00', 'pdf', ''),
(671, 201509, '9.0', 'True', '2015-10-01 00:00:00', 'True', '2015-10-01 00:00:00', 'pdf', ''),
(672, 201509, '13.0', 'True', '2015-10-01 00:00:00', 'True', '2015-10-01 00:00:00', 'pdf', ''),
(673, 201512, '13.0', 'False', '', 'False', '', '', ''),
(674, 201510, '1.0', 'True', '2015-10-08 00:00:00', 'True', '2015-10-12 00:00:00', 'pdf', ''),
(677, 201510, '1.0', 'True', '2015-10-08 00:00:00', 'False', '', '', ''),
(678, 201510, '10.0', 'True', '2015-10-27 00:00:00', 'False', '', '', ''),
(679, 201510, '1.0', 'True', '2015-10-08 00:00:00', 'False', '', '', ''),
(681, 201510, '6.0', 'True', '2015-10-27 00:00:00', 'False', '', '', ''),
(683, 201510, '15.0', 'True', '2015-10-27 00:00:00', 'False', '', '', ''),
(683, 201511, '20.0', 'False', '', 'False', '', '', ''),
(683, 201512, '22.0', 'False', '', 'False', '', '', ''),
(684, 201510, '8.0', 'True', '2015-10-27 00:00:00', 'False', '', '', ''),
(684, 201511, '5.0', 'False', '', 'False', '', '', ''),
(685, 201510, '21.0', 'False', '', 'False', '', '', ''),
(685, 201511, '20.0', 'False', '', 'False', '', '', ''),
(685, 201512, '22.0', 'False', '', 'False', '', '', ''),
(686, 201510, '1.0', 'True', '2015-10-22 00:00:00', 'False', '', '', ''),
(687, 201510, '1.0', 'True', '2015-10-22 00:00:00', 'False', '', '', ''),
(689, 201510, '14.0', 'True', '2015-10-27 00:00:00', 'True', '2015-10-28 00:00:00', 'pdf', ''),
(689, 201511, '1.5', 'False', '', 'False', '', '', ''),
(690, 201510, '13.0', 'True', '2015-10-27 00:00:00', 'True', '2015-10-28 00:00:00', 'pdf', ''),
(690, 201511, '1.5', 'False', '', 'False', '', '', ''),
(691, 201510, '5.0', 'True', '2015-10-27 00:00:00', 'False', '', '', ''),
(691, 201511, '20.0', 'False', '', 'False', '', '', ''),
(691, 201512, '22.0', 'False', '', 'False', '', '', ''),
(691, 201601, '20.0', 'False', '', 'False', '', '', ''),
(692, 201510, '10.0', 'True', '2015-10-27 00:00:00', 'False', '', '', ''),
(692, 201511, '20.0', 'False', '', 'False', '', '', ''),
(692, 201512, '22.0', 'False', '', 'False', '', '', ''),
(693, 201511, '19.0', 'False', '', 'False', '', '', ''),
(693, 201512, '22.0', 'False', '', 'False', '', '', ''),
(693, 201601, '20.0', 'False', '', 'False', '', '', ''),
(693, 201602, '21.0', 'False', '', 'False', '', '', ''),
(693, 201603, '22.0', 'False', '', 'False', '', '', ''),
(693, 201604, '21.0', 'False', '', 'False', '', '', ''),
(693, 201605, '20.0', 'False', '', 'False', '', '', ''),
(693, 201606, '22.0', 'False', '', 'False', '', '', ''),
(693, 201607, '20.0', 'False', '', 'False', '', '', ''),
(693, 201608, '22.0', 'False', '', 'False', '', '', ''),
(693, 201609, '22.0', 'False', '', 'False', '', '', ''),
(693, 201610, '21.0', 'False', '', 'False', '', '', ''),
(693, 201611, '20.0', 'False', '', 'False', '', '', ''),
(693, 201612, '22.0', 'False', '', 'False', '', '', '');

-- --------------------------------------------------------

--
-- Table structure for table `j_spe`
--

DROP TABLE IF EXISTS `j_spe`;
CREATE TABLE IF NOT EXISTS `j_spe` (
  `cv_id` smallint DEFAULT NULL,
  `spe_date` varchar(19) DEFAULT NULL,
  `spe_period` tinyint DEFAULT NULL,
  `j_type_id` tinyint DEFAULT NULL,
  `int_id` varchar(3) DEFAULT NULL
) ENGINE=InnoDB DEFAULT CHARSET=utf8mb4 COLLATE=utf8mb4_general_ci;

--
-- Dumping data for table `j_spe`
--

INSERT INTO `j_spe` (`cv_id`, `spe_date`, `spe_period`, `j_type_id`, `int_id`) VALUES
(1, '2022-11-1', 1, 4, NULL),
(1, '2022-11-1', 2, 7, NULL),
(1, '2022-11-2', 1, 1, NULL),
(1, '2022-11-2', 2, 4, NULL),
(1, '2022-11-3', 1, 6, NULL),
(1, '2022-11-4', 1, 7, NULL);

-- --------------------------------------------------------

--
-- Table structure for table `j_type`
--

DROP TABLE IF EXISTS `j_type`;
CREATE TABLE IF NOT EXISTS `j_type` (
  `j_type_id` tinyint NOT NULL AUTO_INCREMENT,
  `j_code` varchar(6) DEFAULT NULL,
  `j_desc` varchar(40) DEFAULT NULL,
  `j_order` tinyint DEFAULT NULL,
  PRIMARY KEY (`j_type_id`)
) ENGINE=InnoDB DEFAULT CHARSET=utf8mb4 COLLATE=utf8mb4_general_ci;

--
-- Dumping data for table `j_type`
--

INSERT INTO `j_type` (`j_type_id`, `j_code`, `j_desc`, `j_order`) VALUES
(1, 'MISS', 'Jours de présence en Mission', 1),
(2, 'CP', 'Congés payés', 2),
(3, 'CSS', 'Congés sans solde', 3),
(4, 'MAL', 'Maladie', 4),
(5, 'ABS A', 'Absence autorisée\r\n-  Repos compensateur', 5),
(6, 'MATER', 'Congé de maternité ou paternité', 6),
(7, 'EV FAM', 'Congé exceptionnel (mariage, décès,…)', 7);

-- --------------------------------------------------------

--
-- Table structure for table `langues`
--

DROP TABLE IF EXISTS `langues`;
CREATE TABLE IF NOT EXISTS `langues` (
  `id_langue` tinyint NOT NULL AUTO_INCREMENT,
  `langue_name` varchar(12) DEFAULT NULL,
  PRIMARY KEY (`id_langue`)
) ENGINE=InnoDB DEFAULT CHARSET=utf8mb4 COLLATE=utf8mb4_general_ci;

--
-- Dumping data for table `langues`
--

INSERT INTO `langues` (`id_langue`, `langue_name`) VALUES
(1, 'Anglais'),
(2, 'Allemand'),
(3, 'Espagnol'),
(9, 'Italien'),
(10, 'Portuguais'),
(11, 'Arabe'),
(12, 'Polonais'),
(13, 'Serbo-croate'),
(14, 'Laotien'),
(15, 'Cambodgien'),
(16, 'Néerlandais'),
(17, 'Japonais'),
(18, 'Roumain'),
(19, 'Chinois'),
(20, 'Turc');

-- --------------------------------------------------------

--
-- Table structure for table `lgprogs`
--

DROP TABLE IF EXISTS `lgprogs`;
CREATE TABLE IF NOT EXISTS `lgprogs` (
  `id_lgprog` tinyint NOT NULL AUTO_INCREMENT,
  `lgprog_name` varchar(13) DEFAULT NULL,
  PRIMARY KEY (`id_lgprog`)
) ENGINE=InnoDB DEFAULT CHARSET=utf8mb4 COLLATE=utf8mb4_general_ci;

--
-- Dumping data for table `lgprogs`
--

INSERT INTO `lgprogs` (`id_lgprog`, `lgprog_name`) VALUES
(1, 'JAVA'),
(2, 'C++'),
(6, 'HTML'),
(7, 'SQL'),
(8, 'VB6'),
(9, 'C#'),
(10, 'VB.net'),
(11, 'Blackberry'),
(12, 'Iphone'),
(13, 'Androïd'),
(14, 'PHP'),
(15, 'C'),
(16, 'VB'),
(17, 'VBS'),
(18, 'ORACLE'),
(19, 'Access'),
(20, 'AUTOIT'),
(21, 'PASCAL'),
(22, 'C shell'),
(23, 'BATCH'),
(24, 'CSS'),
(25, 'FTP'),
(26, 'Quetzal'),
(27, 'XML'),
(28, 'Java Script'),
(29, 'Apache2'),
(30, 'HTTP'),
(31, 'SIP'),
(32, 'LDP'),
(33, 'shell'),
(34, 'magento'),
(35, 'wordpress'),
(36, 'Windows Phone'),
(40, 'XSLT'),
(42, 'PERL'),
(43, 'FLEX'),
(44, 'POP3'),
(45, 'Symfony II'),
(46, 'Ajax'),
(47, 'UML'),
(48, 'Merise'),
(49, 'Drupal'),
(50, 'Joomla'),
(51, 'Visual Basic');

-- --------------------------------------------------------

--
-- Table structure for table `mission`
--

DROP TABLE IF EXISTS `mission`;
CREATE TABLE IF NOT EXISTS `mission` (
  `miss_id` int NOT NULL AUTO_INCREMENT,
  `miss_name` varchar(255) CHARACTER SET utf8mb4 COLLATE utf8mb4_general_ci DEFAULT NULL,
  `miss_clif` smallint DEFAULT NULL,
  `miss_clis` smallint DEFAULT NULL,
  `miss_contact` smallint DEFAULT NULL,
  `miss_commercial` varchar(255) CHARACTER SET utf8mb4 COLLATE utf8mb4_general_ci DEFAULT NULL,
  `miss_datedeb` varchar(255) CHARACTER SET utf8mb4 COLLATE utf8mb4_general_ci DEFAULT NULL,
  `miss_datefin` varchar(255) CHARACTER SET utf8mb4 COLLATE utf8mb4_general_ci DEFAULT NULL,
  `miss_maj` varchar(255) CHARACTER SET utf8mb4 COLLATE utf8mb4_general_ci DEFAULT NULL,
  `miss_com` varchar(255) CHARACTER SET utf8mb4 COLLATE utf8mb4_general_ci DEFAULT NULL,
  PRIMARY KEY (`miss_id`)
) ENGINE=InnoDB AUTO_INCREMENT=155 DEFAULT CHARSET=utf8mb4 COLLATE=utf8mb4_general_ci;

--
-- Dumping data for table `mission`
--

INSERT INTO `mission` (`miss_id`, `miss_name`, `miss_clif`, `miss_clis`, `miss_contact`, `miss_commercial`, `miss_datedeb`, `miss_datefin`, `miss_maj`, `miss_com`) VALUES
(3, 'Figaro Classifieds123', 60, 60, 42, '3', '2013-07-29T00:00', '2015-12-31T00:00', '2022-11-11', NULL),
(6, 'Déploiement Figaro', 66, 66, 59, '3', '2013-10-24 00:00:00', '2013-11-12 00:00:00', '2013-11-21 00:00:00', ''),
(7, 'Déploiement Ricard', 67, 42, 31, '3', '2013-06-17 00:00:00', '2013-06-28 00:00:00', '2013-11-14 00:00:00', ''),
(8, 'HelpDesk Generali', 27, 27, 28, '115', '2010-01-01 00:00:00', '2014-12-31 00:00:00', '2014-09-26 00:00:00', ''),
(9, 'Déploiement Brossette', 68, 42, 30, '3', '2013-04-23 00:00:00', '2013-05-03 00:00:00', '2013-11-14 00:00:00', ''),
(10, 'Maintenance Abbott', 16, 16, 15, '3', '2011-01-01 00:00:00', '2015-12-31 00:00:00', '2015-08-07 00:00:00', ''),
(11, 'Maintenance Abbvie', 2, 2, 1, '3', '2012-01-01 00:00:00', '2015-12-31 00:00:00', '2015-01-07 00:00:00', ''),
(12, 'Maintenance Arcade', 11, 11, 9, '2', '2013-07-01 00:00:00', '2013-12-31 00:00:00', '2013-11-14 00:00:00', ''),
(13, 'Maintenance Ascom', 40, 40, 64, '2', '2012-05-09 00:00:00', '2014-12-31 00:00:00', '2015-05-12 00:00:00', ''),
(14, 'Maintenance Eiffage', 45, 45, 51, '2', '2012-01-01 00:00:00', '2014-12-31 00:00:00', '2015-01-07 00:00:00', ''),
(15, 'Déploiement Movianto', 71, 70, 66, '2', '2013-07-29 00:00:00', '2013-08-16 00:00:00', '2013-11-15 00:00:00', ''),
(17, 'Déploiement Brinks', 47, 8, 5, '2', '2012-01-01 00:00:00', '2014-12-31 00:00:00', '2014-09-05 00:00:00', ''),
(18, 'Evolution Sharepoint', 27, 27, 18, '115', '2013-01-01 00:00:00', '2014-01-22 00:00:00', '2014-01-15 00:00:00', ''),
(19, 'OCDE', 73, 41, 36, '115', '2013-06-10 00:00:00', '2014-12-31 00:00:00', '2015-01-06 00:00:00', ''),
(21, 'GDF', 74, 3, 2, '2', '2013-03-11 00:00:00', '2014-12-31 00:00:00', '2014-09-05 00:00:00', ''),
(22, 'DELOITTE', 76, 41, 36, '1', '2013-09-04 00:00:00', '2013-09-13 00:00:00', '2014-07-25 00:00:00', ''),
(23, 'INSTITUT DE SOUDURE', 14, 14, 12, '3', '2012-01-01 00:00:00', '2015-12-31 00:00:00', '2015-01-06 00:00:00', ''),
(24, 'BULL', 79, 96, 126, '2', '2013-03-18 00:00:00', '2014-12-31 00:00:00', '2014-07-25 00:00:00', ''),
(25, 'UNILEVER', 80, 12, 10, '3', '2012-02-15 00:00:00', '2015-12-31 00:00:00', '2015-01-07 00:00:00', ''),
(26, 'RFI/ France 24', 81, 9, 6, '2', '2013-01-01 00:00:00', '2014-12-31 00:00:00', '2015-01-06 00:00:00', ''),
(27, 'BNP', 55, 96, 100, '2', '2013-01-01 00:00:00', '2014-12-31 00:00:00', '2015-01-07 00:00:00', ''),
(28, 'Crédit Agricole', 48, 96, 100, '2', '2013-11-26 00:00:00', '2013-12-31 00:00:00', '2014-07-25 00:00:00', ''),
(29, 'THALES', 85, 96, 111, '2', '2013-10-01 00:00:00', '2015-12-31 00:00:00', '2015-01-06 00:00:00', ''),
(31, 'Formation Kiloutou', 87, 41, 36, '2', '2013-11-26 00:00:00', '2013-12-23 00:00:00', '2013-12-13 00:00:00', ''),
(32, 'Inventaire BNP', 55, 9, 6, '2', '2013-12-02 00:00:00', '2013-12-11 00:00:00', '2014-05-21 00:00:00', ''),
(33, 'Deco/ Reco AMUNDI', 88, 9, 7, '2', '2013-11-28 00:00:00', '2014-12-19 00:00:00', '2014-12-18 00:00:00', ''),
(34, 'Projet NEOS', 55, 8, 95, '115', '2013-04-22 00:00:00', '2014-12-31 00:00:00', '2015-01-06 00:00:00', ''),
(35, 'Déploiement AMUNDI', 88, 9, 6, '2', '2013-12-13 00:00:00', '2013-12-20 00:00:00', '2014-10-02 00:00:00', ''),
(36, 'Helpdesk Generali', 27, 93, 96, '115', '2013-12-23 00:00:00', '2014-02-28 00:00:00', '2013-12-23 00:00:00', ''),
(38, 'Déco/ reco Figaro', 66, 66, 59, '3', '2013-12-09 00:00:00', '2014-04-16 00:00:00', '2014-04-22 00:00:00', ''),
(39, 'Arcade support', 11, 11, 23, '2', '2014-03-03 00:00:00', '2014-10-30 00:00:00', '2015-03-25 00:00:00', ''),
(43, 'CACEIS', 48, 96, 109, '2', '2014-03-13 00:00:00', '2014-03-21 00:00:00', '2015-06-16 00:00:00', ''),
(44, 'LBP', 96, 96, 100, '2', '2012-10-09 00:00:00', '2015-12-31 00:00:00', '2015-05-29 00:00:00', ''),
(45, 'INGENICO', 72, 4, 4, '3', '2011-11-21 00:00:00', '2015-12-31 00:00:00', '2015-08-07 00:00:00', ''),
(46, 'MARSCH', 97, 96, 100, '2', '2014-03-21 00:00:00', '2014-12-31 00:00:00', '2015-08-04 00:00:00', ''),
(47, 'DIOR', 99, 96, 100, '2', '2013-10-21 00:00:00', '2014-12-31 00:00:00', '2014-10-03 00:00:00', ''),
(48, 'CAAGIS', 48, 96, 120, '2', '2014-04-14 00:00:00', '2014-04-14 00:00:00', '2014-09-29 00:00:00', ''),
(49, 'GENERALI', 27, 96, 100, '2', '2014-04-15 00:00:00', '2014-04-15 00:00:00', '2014-09-12 00:00:00', ''),
(50, 'Projet Phoenix', 94, 96, 109, '2', '2014-04-14 00:00:00', '2014-04-25 00:00:00', '2014-04-22 00:00:00', ''),
(52, 'INGENICO', 72, 4, 4, '3', '2014-01-02 00:00:00', '2015-06-30 00:00:00', '2015-01-06 00:00:00', ''),
(53, 'ACCOSS', 52, 96, 108, '2', '2013-01-01 00:00:00', '2014-03-21 00:00:00', '2014-05-18 00:00:00', ''),
(54, 'APRIL', 102, 96, 100, '2', '2012-01-01 00:00:00', '2015-12-31 00:00:00', '2015-01-06 00:00:00', ''),
(55, 'Audit SIEM', 103, 103, 128, '115', '2013-12-17 00:00:00', '2013-12-19 00:00:00', '2014-09-12 00:00:00', ''),
(56, 'Mac Donald\'s', 104, 96, 100, '2', '2013-05-02 00:00:00', '2014-12-31 00:00:00', '2014-05-21 00:00:00', ''),
(57, 'France 24', 105, 96, 100, '2', '2013-07-01 00:00:00', '2014-12-31 00:00:00', '2015-01-07 00:00:00', ''),
(58, 'Ministères', 106, 96, 100, '2', '2013-07-22 00:00:00', '2014-12-31 00:00:00', '2015-01-07 00:00:00', ''),
(59, 'SERVIER', 107, 96, 100, '2', '2013-08-19 00:00:00', '2014-02-21 00:00:00', '2014-05-21 00:00:00', ''),
(60, 'IPSEN', 108, 96, 100, '2', '2014-02-24 00:00:00', '2014-12-31 00:00:00', '2014-11-20 00:00:00', ''),
(61, 'SODEXO', 109, 96, 216, '2', '2013-11-04 00:00:00', '2015-12-31 00:00:00', '2015-05-11 00:00:00', ''),
(62, 'GRAS SAVOYE', 110, 96, 100, '2', '2014-03-03 00:00:00', '2014-12-31 00:00:00', '2014-07-28 00:00:00', ''),
(63, 'ECONOCOM', 3, 96, 139, '2', '2013-11-26 00:00:00', '2014-06-30 00:00:00', '2014-05-21 00:00:00', ''),
(64, 'FMM', 111, 96, 100, '2', '2014-02-03 00:00:00', '2014-02-03 00:00:00', '2014-09-05 00:00:00', ''),
(65, 'SER2S', 112, 96, 100, '2', '2014-02-10 00:00:00', '2015-12-31 00:00:00', '2015-07-24 00:00:00', ''),
(66, 'BNP LS', 113, 96, 100, '2', '2014-01-23 00:00:00', '2015-03-31 00:00:00', '2015-01-26 00:00:00', ''),
(68, 'MAF', 114, 96, 100, '2', '2014-04-14 00:00:00', '2014-12-31 00:00:00', '2015-01-07 00:00:00', ''),
(69, 'SEJER', 115, 96, 100, '2', '2014-07-03 00:00:00', '2014-12-31 00:00:00', '2015-01-07 00:00:00', ''),
(70, 'CAMPUS France', 116, 12, 10, '3', '2014-07-09 00:00:00', '2014-08-01 00:00:00', '2014-07-09 00:00:00', ''),
(71, 'CARREFOUR', 117, 96, 100, '2', '2014-05-15 00:00:00', '2014-06-30 00:00:00', '2014-09-25 00:00:00', ''),
(72, 'France Television', 118, 4, 4, '1', '2014-07-09 00:00:00', '2014-09-05 00:00:00', '2015-01-06 00:00:00', ''),
(73, 'Coliposte', 119, 96, 100, '2', '2014-06-19 00:00:00', '2015-12-31 00:00:00', '2015-01-07 00:00:00', ''),
(74, 'TECHNIP', 44, 44, 50, '3', '2012-01-01 00:00:00', '2015-12-31 00:00:00', '2014-07-18 00:00:00', ''),
(75, 'SI2M Guyancourt', 123, 96, 100, '2', '2014-07-22 00:00:00', '2014-07-30 00:00:00', '2015-01-06 00:00:00', ''),
(76, 'SI2M La Fayette', 124, 96, 109, '2', '2014-07-31 00:00:00', '2014-12-31 00:00:00', '2015-01-07 00:00:00', ''),
(77, 'Crédit Agricole déco/reco', 48, 42, 30, '3', '2014-08-07 00:00:00', '2015-12-31 00:00:00', '2014-10-03 00:00:00', ''),
(78, 'METRO', 125, 96, 100, '2', '2014-05-02 00:00:00', '2014-12-31 00:00:00', '2014-07-28 00:00:00', ''),
(79, 'Coface', 127, 96, 114, '2', '2014-08-08 00:00:00', '2015-12-31 00:00:00', '2015-01-06 00:00:00', ''),
(80, 'Eiffage', 45, 45, 51, '2', '2014-09-01 00:00:00', '2015-12-31 00:00:00', '2015-01-06 00:00:00', ''),
(81, 'CACEIS deploiement', 129, 96, 100, '2', '2014-09-08 00:00:00', '2015-06-25 00:00:00', '2015-06-24 00:00:00', ''),
(82, 'Préparation AMUNDI', 88, 96, 100, '2', '2014-09-11 00:00:00', '2014-10-31 00:00:00', '2014-10-23 00:00:00', ''),
(83, 'ETAM', 131, 12, 10, '3', '2014-05-02 00:00:00', '2014-12-31 00:00:00', '2014-09-24 00:00:00', ''),
(84, 'CACIF', 132, 12, 10, '3', '2014-01-01 00:00:00', '2015-12-31 00:00:00', '2015-01-06 00:00:00', ''),
(85, 'Donaldson régie', 133, 133, 172, '3', '2014-01-01 00:00:00', '2015-12-31 00:00:00', '2015-01-06 00:00:00', ''),
(87, 'Microsoft', 134, 96, 103, '2', '2014-09-15 00:00:00', '2015-12-31 00:00:00', '2015-01-06 00:00:00', ''),
(88, 'RICARD', 67, 42, 30, '3', '2014-08-27 00:00:00', '2015-12-31 00:00:00', '2015-01-06 00:00:00', ''),
(91, 'Givenchy', 139, 12, 179, '3', '2014-09-25 00:00:00', '2015-12-31 00:00:00', '2015-01-06 00:00:00', ''),
(92, 'CARREFOUR', 141, 96, 100, '2', '2014-09-29 00:00:00', '2015-12-31 00:00:00', '2015-06-17 00:00:00', ''),
(94, 'Icade', 138, 96, 100, '2', '2014-09-15 00:00:00', '2015-12-31 00:00:00', '2015-09-29 00:00:00', ''),
(95, 'Caagis', 140, 96, 100, '2', '2014-09-15 00:00:00', '2014-09-30 00:00:00', '2014-10-02 00:00:00', ''),
(96, 'Admin. Système', 1, 1, 185, '1', '2014-09-15 00:00:00', '2015-12-31 00:00:00', '2015-01-06 00:00:00', ''),
(97, 'Hermés', 143, 96, 100, '2', '2014-10-06 00:00:00', '2015-12-31 00:00:00', '2015-07-07 00:00:00', ''),
(99, 'CACF', 144, 8, 5, '2', '2014-10-13 00:00:00', '2015-12-31 00:00:00', '2015-01-06 00:00:00', ''),
(101, 'Groupe E.D.H', 145, 145, 190, '3', '2014-10-13 00:00:00', '2015-12-31 00:00:00', '2015-01-06 00:00:00', ''),
(103, 'MANUTAN', 146, 12, 10, '3', '2014-10-20 00:00:00', '2014-12-31 00:00:00', '2014-10-20 00:00:00', ''),
(104, 'COMM WORKS', 142, 70, 66, '2', '2014-10-17 00:00:00', '2014-10-17 00:00:00', '2014-10-22 00:00:00', ''),
(105, 'Preparation Amundi II', 88, 96, 100, '2', '2014-10-17 00:00:00', '2014-10-24 00:00:00', '2014-11-03 00:00:00', ''),
(107, 'Natixis', 147, 96, 205, '2', '2014-12-01 00:00:00', '2015-01-31 00:00:00', '2015-03-26 00:00:00', 'du 01/12/2014 au 31/12/2014  Maité ETCHEVERRIGARAY intervient tout les Mardi, Mercredi et Jeudi.'),
(108, 'Centre Pompidou', 148, 148, 193, '3', '2014-12-01 00:00:00', '2015-12-31 00:00:00', '2014-11-25 00:00:00', ''),
(110, 'LBP Evry', 149, 96, 115, '2', '2014-12-04 00:00:00', '2014-12-04 00:00:00', '2014-12-03 00:00:00', ''),
(111, 'AEP', 150, 96, 109, '2', '2014-12-18 00:00:00', '2015-01-02 00:00:00', '2014-12-18 00:00:00', ''),
(113, 'MENARINI', 152, 8, 5, '2', '2015-01-07 00:00:00', '2015-01-16 00:00:00', '2015-01-26 00:00:00', ''),
(114, 'Groupe Pasteur Mutualité', 151, 96, 110, '2', '2015-01-28 00:00:00', '2015-01-30 00:00:00', '2015-01-28 00:00:00', ''),
(115, 'KRYS', 153, 153, 200, '3', '2015-01-26 00:00:00', '2015-12-31 00:00:00', '2015-02-03 00:00:00', ''),
(118, 'BCP MILLENNIUM', 8, 8, 5, '2', '2015-01-07 00:00:00', '2015-02-13 00:00:00', '2015-02-04 00:00:00', ''),
(119, 'Support Helpdesk', 1, 1, 185, '3', '2015-01-05 00:00:00', '2015-12-31 00:00:00', '2015-02-04 00:00:00', ''),
(120, 'Credi Foncier France', 155, 8, 5, '2', '2015-02-03 00:00:00', '2015-02-03 00:00:00', '2015-02-05 00:00:00', ''),
(121, 'CFF', 155, 8, 198, '2', '2015-02-03 00:00:00', '2015-02-28 00:00:00', '2015-06-16 00:00:00', ''),
(122, 'NESPRESSO', 63, 42, 31, '3', '2015-02-02 00:00:00', '2015-12-31 00:00:00', '2015-02-23 00:00:00', ''),
(123, 'BP2I', 156, 96, 100, '2', '2015-03-02 00:00:00', '2015-12-31 00:00:00', '2015-02-26 00:00:00', ''),
(124, 'Abbvie', 2, 2, 1, '3', '2015-01-01 00:00:00', '2015-12-31 00:00:00', '2015-03-02 00:00:00', ''),
(125, 'SSP France', 157, 96, 100, '2', '2015-03-02 00:00:00', '2015-12-31 00:00:00', '2015-03-03 00:00:00', ''),
(126, 'Veolia Nantes', 158, 158, 206, '1', '2015-03-11 00:00:00', '2015-12-31 00:00:00', '2015-04-03 00:00:00', ''),
(127, 'Veolia Lyon', 159, 159, 208, '1', '2015-03-16 00:00:00', '2015-12-31 00:00:00', '2015-03-13 00:00:00', ''),
(131, 'Veolia Marseille', 160, 160, 209, '1', '2015-03-23 00:00:00', '2015-12-31 00:00:00', '2015-03-23 00:00:00', ''),
(132, 'Veolia Nice', 161, 161, 210, '1', '2015-03-23 00:00:00', '2015-12-31 00:00:00', '2015-03-23 00:00:00', ''),
(133, 'CFF Deploiement', 155, 8, 198, '2', '2015-03-09 00:00:00', '2015-05-31 00:00:00', '2015-03-31 00:00:00', ''),
(134, 'Veolia Toulouse', 163, 163, 212, '1', '2015-04-13 00:00:00', '2015-12-31 00:00:00', '2015-06-30 00:00:00', ''),
(135, 'MAF', 164, 96, 123, '2', '2015-04-20 00:00:00', '2015-04-30 00:00:00', '2015-04-20 00:00:00', ''),
(136, 'Veolia Rouen', 162, 162, 214, '1', '2015-04-30 00:00:00', '2015-12-31 00:00:00', '2015-05-05 00:00:00', ''),
(137, 'Hotline Soft et Services', 40, 40, 64, '2', '2015-05-04 00:00:00', '2015-05-11 00:00:00', '2015-05-12 00:00:00', ''),
(138, 'Mission BRED', 96, 96, 100, '2', '2015-04-15 00:00:00', '2015-06-30 00:00:00', '2015-05-12 00:00:00', ''),
(139, 'Veolia Metz', 166, 166, 218, '1', '2015-05-11 00:00:00', '2015-12-31 00:00:00', '2015-05-26 00:00:00', ''),
(140, 'Rexel', 167, 42, 31, '3', '2015-06-02 00:00:00', '2015-09-30 00:00:00', '2015-05-27 00:00:00', ''),
(141, 'Allianz Deco Reco', 168, 96, 100, '2', '2015-06-27 00:00:00', '2015-12-31 00:00:00', '2015-06-30 00:00:00', ''),
(142, 'France TV', 169, 96, 100, '2', '2015-07-01 00:00:00', '2015-12-31 00:00:00', '2015-07-01 00:00:00', ''),
(143, 'Elior', 170, 96, 100, '2', '2015-07-07 00:00:00', '2015-12-31 00:00:00', '2015-07-06 00:00:00', ''),
(144, 'Gras Savoye', 171, 96, 100, '2', '2015-07-15 00:00:00', '2015-07-21 00:00:00', '2015-07-21 00:00:00', ''),
(145, 'Veolia Rennes', 172, 172, 224, '3', '2015-07-20 00:00:00', '2015-07-31 00:00:00', '2015-07-28 00:00:00', ''),
(146, 'France Television', 96, 96, 100, '2', '2015-07-01 00:00:00', '2015-12-31 00:00:00', '2015-07-29 00:00:00', ''),
(147, 'Groupama', 173, 8, 5, '2', '2015-08-31 00:00:00', '2015-12-31 00:00:00', '2015-09-14 00:00:00', ''),
(148, 'Plateau Helpdesk', 42, 42, 31, '3', '2015-08-24 00:00:00', '2015-12-31 00:00:00', '2015-09-14 00:00:00', ''),
(149, 'RTE', 174, 96, 100, '2', '2015-10-01 00:00:00', '2015-12-31 00:00:00', '2015-09-28 00:00:00', ''),
(150, 'Ecole Ferrières', 175, 96, 100, '2', '2015-09-30 00:00:00', '2015-09-30 00:00:00', '2015-09-29 00:00:00', ''),
(151, 'CIRAD', 177, 96, 100, '2', '2015-10-26 00:00:00', '2015-10-31 00:00:00', '2015-10-22 00:00:00', ''),
(152, 'Mairie 12 eme', 178, 96, 100, '3', '2015-11-03 00:00:00', '2016-12-31 00:00:00', '2015-10-27 00:00:00', ''),
(153, 'ICADE SUD', 138, 96, 100, '2', '2015-10-12 00:00:00', '2015-12-31 00:00:00', '2015-10-28 00:00:00', ''),
(154, 'test', 40, 2, 7, '2', '2022-11-11T16:46', '2022-11-02T16:46', '2022-11-11', 'atest');

-- --------------------------------------------------------

--
-- Table structure for table `mois`
--

DROP TABLE IF EXISTS `mois`;
CREATE TABLE IF NOT EXISTS `mois` (
  `mois` tinyint NOT NULL AUTO_INCREMENT,
  `mois_nom` varchar(9) DEFAULT NULL,
  PRIMARY KEY (`mois`)
) ENGINE=InnoDB DEFAULT CHARSET=utf8mb4 COLLATE=utf8mb4_general_ci;

--
-- Dumping data for table `mois`
--

INSERT INTO `mois` (`mois`, `mois_nom`) VALUES
(1, 'Janvier'),
(2, 'Février'),
(3, 'Mars'),
(4, 'Avril'),
(5, 'Mai'),
(6, 'Juin'),
(7, 'Juillet'),
(8, 'Août'),
(9, 'Septembre'),
(10, 'Octobre'),
(11, 'Novembre'),
(12, 'Decembre');

-- --------------------------------------------------------

--
-- Table structure for table `outils`
--

DROP TABLE IF EXISTS `outils`;
CREATE TABLE IF NOT EXISTS `outils` (
  `id_outil` smallint NOT NULL AUTO_INCREMENT,
  `outil_name` varchar(26) DEFAULT NULL,
  PRIMARY KEY (`id_outil`)
) ENGINE=InnoDB DEFAULT CHARSET=utf8mb4 COLLATE=utf8mb4_general_ci;

--
-- Dumping data for table `outils`
--

INSERT INTO `outils` (`id_outil`, `outil_name`) VALUES
(1, 'MS Project'),
(2, 'MS Office'),
(3, 'Open Office'),
(4, 'Lotus Note'),
(5, 'MS Outlook'),
(6, 'Ghost'),
(7, 'DameWare'),
(8, 'TeamViewer'),
(9, 'Mcafee Norton'),
(10, 'VMWare'),
(11, 'Gestion de ticket'),
(12, 'VNC'),
(13, 'Outils de caisse AGIL/ TPE'),
(14, 'ELIT'),
(15, 'Easyvista'),
(16, 'FileMaker Pro'),
(17, 'Nagios'),
(18, 'VPN'),
(19, 'DHCP'),
(20, 'thunderbird'),
(21, 'AS400'),
(22, 'CISCO'),
(23, 'QRADAR'),
(24, 'Ipsec'),
(25, 'BGP'),
(26, 'Iptables'),
(27, 'MPLS'),
(28, 'VLAN'),
(29, 'Radius'),
(30, 'WDS'),
(31, 'WSUS'),
(32, 'Landesk'),
(33, 'Bloomberg'),
(34, 'Reuters'),
(35, 'Remedy'),
(36, 'Workshare Pro'),
(37, 'PCAnywhere'),
(38, 'ALF'),
(39, 'Sharepoint'),
(40, 'NetOP'),
(41, 'AUTOCAD'),
(42, 'Glpi/ OCS NG'),
(43, 'DreamWeaver'),
(44, 'MySQL'),
(45, 'SAP'),
(46, 'Hyperion/ Oracle'),
(47, 'Oracle'),
(48, 'Bonding'),
(49, 'Criston'),
(50, 'Jim s'),
(51, 'SCCM'),
(52, 'MSTSC'),
(53, 'Apsylog Asset'),
(54, 'ACL'),
(55, 'NAT'),
(56, 'Hyper V'),
(57, 'BackupExec'),
(58, 'Acronis'),
(59, 'WhatsUp Gold'),
(60, 'Packet Tracer'),
(61, 'WireShark'),
(63, 'Console SMS'),
(64, 'Synapsis'),
(65, 'NetMeeting'),
(66, 'Saari'),
(67, 'Visio'),
(68, 'RJ45'),
(69, 'Novell'),
(70, 'Zimbra'),
(71, 'Symantec ghost'),
(72, 'Téléphonies'),
(73, 'Iphone'),
(74, 'Téléphonie fixe'),
(75, 'Footprints Asset Core'),
(76, 'Cacti'),
(77, 'Centreon'),
(78, 'Nortel'),
(79, 'Firewall Netasq'),
(80, 'CheckPoint'),
(81, 'Sonicwall'),
(82, 'Proxy Olfeo'),
(83, 'Handy Recovery'),
(84, 'TPE'),
(85, 'ToIP'),
(86, 'Time Navigator'),
(87, 'Factset'),
(88, 'Dtastream'),
(89, 'Fxall'),
(90, 'Illustrator'),
(91, 'Indesign'),
(92, 'Photoshop'),
(93, 'Token ring'),
(94, 'Virtual PC'),
(95, 'Virtual Box'),
(96, 'Norton ghost'),
(97, 'Ethernet'),
(98, 'Netware'),
(99, 'TSE'),
(100, 'Kaspersky'),
(101, 'Virtual Center'),
(102, 'rédac FAQ'),
(103, ''),
(104, 'cablage'),
(105, 'PABX'),
(106, 'Filezilla'),
(107, 'Ciel'),
(108, 'GPRS'),
(109, 'EDGE'),
(110, 'UMTS'),
(111, 'Note B'),
(112, 'VLR'),
(113, 'Visual Studio'),
(114, 'Proteus'),
(115, 'Avast'),
(117, 'Rogue Killer'),
(118, 'Sophos'),
(119, 'NOD32'),
(120, 'Virtual Server'),
(122, 'CRM'),
(123, 'Datacenter'),
(124, 'RAS'),
(125, 'Picture Manager'),
(126, 'SQL serveur'),
(127, 'Dialux'),
(128, 'Powershell'),
(129, 'MSSQL'),
(130, 'CMS Joomla'),
(131, 'Office 365'),
(133, 'Access'),
(134, 'HDCP'),
(135, 'GO TO assist');

-- --------------------------------------------------------

--
-- Table structure for table `profilrech`
--

DROP TABLE IF EXISTS `profilrech`;
CREATE TABLE IF NOT EXISTS `profilrech` (
  `pfr_id` tinyint NOT NULL,
  `pfr_lib` varchar(255) CHARACTER SET utf8mb4 COLLATE utf8mb4_general_ci DEFAULT NULL,
  `pfr_xp` varchar(255) CHARACTER SET utf8mb4 COLLATE utf8mb4_general_ci DEFAULT NULL,
  `pfr_prf` varchar(255) CHARACTER SET utf8mb4 COLLATE utf8mb4_general_ci DEFAULT NULL,
  `pfr_lge` varchar(255) CHARACTER SET utf8mb4 COLLATE utf8mb4_general_ci DEFAULT NULL,
  `pfr_deb` varchar(255) CHARACTER SET utf8mb4 COLLATE utf8mb4_general_ci DEFAULT NULL,
  `pfr_deb_asap` varchar(255) CHARACTER SET utf8mb4 COLLATE utf8mb4_general_ci DEFAULT NULL,
  `pfr_outi` varchar(255) CHARACTER SET utf8mb4 COLLATE utf8mb4_general_ci DEFAULT NULL,
  `pfr_env` varchar(255) CHARACTER SET utf8mb4 COLLATE utf8mb4_general_ci DEFAULT NULL,
  `pfr_lgprog` varchar(255) CHARACTER SET utf8mb4 COLLATE utf8mb4_general_ci DEFAULT NULL,
  `pfr_pua` varchar(255) CHARACTER SET utf8mb4 COLLATE utf8mb4_general_ci DEFAULT NULL
) ENGINE=InnoDB DEFAULT CHARSET=utf8mb4 COLLATE=utf8mb4_general_ci;

--
-- Dumping data for table `profilrech`
--

INSERT INTO `profilrech` (`pfr_id`, `pfr_lib`, `pfr_xp`, `pfr_prf`, `pfr_lge`, `pfr_deb`, `pfr_deb_asap`, `pfr_outi`, `pfr_env`, `pfr_lgprog`, `pfr_pua`) VALUES
(5, 'Tech HD bilingue anglais', '', '(11,6)', '', '', 'True', '(4)', '(2)', '', '160'),
(6, 'Tech proxi France', '', '', '', '', 'True', '', '', '', ''),
(14, '', '', '', '', '', 'False', '', '', '', ''),
(15, 'Chef projet sénior', '', '', '', '', 'True', '', '', '', ''),
(16, 'Coordinateur projet Bilingue', '', '', '', '', 'True', '', '', '', ''),
(17, 'Technicien Proxi', '', '', '', '', 'True', '', '', '', ''),
(20, '', '', '', '', '', 'False', '', '', '', ''),
(22, 'Ingenieur Administrateur', '', '', '', '', 'True', '', '', '', ''),
(23, '', '', '', '', '', 'False', '', '', '', ''),
(24, '', '', '', '', '', 'False', '', '', '', ''),
(26, 'Technicien Exploitation', '', '', '', '', 'True', '', '', '', ''),
(27, 'Ingénieur junior', '', '', '', '', 'True', '', '', '', ''),
(28, 'Specialiste Open Source', '', '', '', '', 'True', '', '', '', ''),
(29, 'Technicien Support / Administrateur Junior', '', '', '', '', 'False', '', '', '', ''),
(30, 'Coordinateur junior', '', '', '', '', 'True', '', '', '', ''),
(31, 'Chef de Projet mobilité', '', '', '', '', 'False', '', '', '', ''),
(32, 'Technicien Proxi VIP Anglais', '', '', '', '', 'True', '', '', '', '180.19'),
(33, 'Administrateur junior', '', '', '', '', 'True', '', '', '', ''),
(34, 'Ingénieur Junior', '', '', '', '', 'True', '', '', '', ''),
(38, 'Technicien Proxi', '', '', '', '', 'True', '', '', '', ''),
(39, 'Tech proxi anglais', '', '', '', '', 'True', '', '', '', ''),
(40, 'Tech Proxi Bilingue vip', '', '', '', '', 'True', '', '', '', ''),
(41, 'Admin. Systéme reseaux', '', '', '', '2015-01-01 00:00:00', 'False', '', '', '', '250'),
(42, 'Ingénieur systèmes', '', '', '', '', 'True', '', '', '', '320'),
(43, 'Expert office 2013', '', '', '', '2014-10-27 00:00:00', 'False', '', '', '', '250'),
(44, 'Tech helpdesk', '', '', '', '2014-10-29 00:00:00', 'False', '', '', '', '160'),
(45, 'Logisticien', '', '', '', '', 'False', '', '', '', ''),
(46, 'Coordinateur technique', '', '', '', '', 'True', '', '', '', ''),
(52, 'Technicien support office 2010', '', '', '', '', 'True', '', '', '', '170180'),
(53, 'Gestionnaire de stock', '', '', '', '', 'True', '', '', '', ''),
(54, 'Administrateur systémes et reseaux', '', '', '', '2015-01-01 00:00:00', 'False', '', '', '', ''),
(55, 'Data Base Administrateur', '', '', '', '', 'True', '', '', '', ''),
(56, 'Ingenieur Windows', '', '', '', '', 'True', '', '', '', ''),
(58, 'Technicien proxi VIP', '', '', '', '2014-12-01 00:00:00', 'False', '', '', '', ''),
(63, 'Administrateur systemes et reseaux', '', '', '', '', 'True', '', '', '', ''),
(64, 'Technicien proximité Antony', '', '', '', '', 'True', '', '', '', ''),
(65, 'Responsable d\'exploitation', '', '', '', '', 'True', '', '', '', ''),
(67, 'Techncien proximlité', '', '', '', '', 'True', '', '', '', '190'),
(68, 'Ingenieur poste travail', '', '', '', '2014-12-01 00:00:00', 'False', '', '', '', '390'),
(69, 'Ingenieur securité', '', '', '', '', 'True', '', '', '', '320'),
(70, 'Gestionnaire operationnel', '', '', '', '', 'True', '', '', '', ''),
(71, 'Tech Bilingue Anglais', '', '', '', '', 'True', '', '', '', ''),
(73, 'IT Manager', '', '', '', '', 'True', '', '', '', ''),
(74, 'Technicien Hotliner', '', '', '', '', 'True', '', '', '', ''),
(75, 'Techncien support n3', '', '', '', '', 'True', '', '', '', '200'),
(76, 'Gestionnaire stock', '', '', '', '2015-03-20 00:00:00', 'False', '', '', '', '170'),
(77, 'Technicien n2', '', '', '', '2015-02-01 00:00:00', 'False', '', '', '', '170'),
(78, 'Hotliner bilingue trilingue', '', '', '', '', 'True', '', '', '', '170'),
(79, 'Tech deploiment', '', '', '', '2015-02-01 00:00:00', 'False', '', '', '', '175'),
(81, 'tech hd', '', '', '', '2015-03-16 00:00:00', 'False', '', '', '', ''),
(84, 'tech prox itinerant', '(2)', '', '', '', 'True', '', '', '', '170'),
(85, 'Tech VIP Anglais', '', '', '', '', 'True', '', '', '', ''),
(86, 'Tech prox Lyon', '', '', '', '', 'True', '', '', '', ''),
(87, 'Tech Supp Applicatif', '', '', '', '', 'True', '', '', '', ''),
(88, 'Tech Deploiement', '', '', '', '2015-05-11 00:00:00', 'False', '', '', '', ''),
(89, 'Coordinateur Secret defense', '', '', '', '', 'True', '', '', '', ''),
(90, '', '', '', '', '', 'False', '', '', '', ''),
(90, NULL, '(0,1,2)', '(4,6)', '(14,15,16)', '2022-11-11', NULL, '(1,2)', '', '', '32'),
(90, 'jhgjhgjhgjhg', '(1)', '(4)', '(16)', '2022-11-12', NULL, '(3)', '', '', '200');

-- --------------------------------------------------------

--
-- Table structure for table `profils`
--

DROP TABLE IF EXISTS `profils`;
CREATE TABLE IF NOT EXISTS `profils` (
  `id_profil` tinyint NOT NULL AUTO_INCREMENT,
  `profil_name` varchar(32) DEFAULT NULL,
  PRIMARY KEY (`id_profil`)
) ENGINE=InnoDB DEFAULT CHARSET=utf8mb4 COLLATE=utf8mb4_general_ci;

--
-- Dumping data for table `profils`
--

INSERT INTO `profils` (`id_profil`, `profil_name`) VALUES
(1, 'Administrateur Réseau'),
(4, 'Chef de projet'),
(6, 'Ingénieur'),
(8, 'Technicien helpdesk'),
(9, 'Technicien déploiement'),
(10, 'Administrateur Système'),
(11, 'Administrateur Système et réseau'),
(13, 'Coordinateur technique'),
(14, 'TeamLeader'),
(18, 'Développeur'),
(20, 'Commercial'),
(21, 'technicien datacenter'),
(22, 'Technicien télécom'),
(25, 'Technicien  réseaux'),
(26, 'Technicien support'),
(28, 'Technicien Audiovisuel'),
(30, 'Technicien Messagerie'),
(31, 'Assistant(e) Administratif'),
(33, 'Architecte réseau'),
(34, 'Technicien supervision'),
(35, 'Gestionnaire stock'),
(36, 'Delivery Manager'),
(37, 'Architecte');

-- --------------------------------------------------------

--
-- Table structure for table `statuts`
--

DROP TABLE IF EXISTS `statuts`;
CREATE TABLE IF NOT EXISTS `statuts` (
  `id_statut` tinyint DEFAULT NULL,
  `statut_name` varchar(18) DEFAULT NULL
) ENGINE=InnoDB DEFAULT CHARSET=utf8mb4 COLLATE=utf8mb4_general_ci;

--
-- Dumping data for table `statuts`
--

INSERT INTO `statuts` (`id_statut`, `statut_name`) VALUES
(0, 'NC'),
(1, 'Salarié'),
(2, 'Indépendant / Auto'),
(3, 'Intérimaire'),
(4, 'Prestataire'),
(6, 'Commercial');

-- --------------------------------------------------------

--
-- Table structure for table `tags`
--

DROP TABLE IF EXISTS `tags`;
CREATE TABLE IF NOT EXISTS `tags` (
  `id_tag` int NOT NULL AUTO_INCREMENT,
  `tag_name` varchar(25) DEFAULT NULL,
  PRIMARY KEY (`id_tag`)
) ENGINE=InnoDB DEFAULT CHARSET=utf8mb4 COLLATE=utf8mb4_general_ci;

--
-- Dumping data for table `tags`
--

INSERT INTO `tags` (`id_tag`, `tag_name`) VALUES
(2, 'Ministère'),
(3, 'VIP'),
(4, 'mairies'),
(5, 'labos'),
(6, 'Certifié MCP'),
(7, 'Certifié CCNA'),
(8, 'Certifié MCSA'),
(9, 'Certifié ASRBD'),
(10, 'Certifié IBM'),
(11, 'recommandé !!!'),
(12, 'recommandé par commercial'),
(13, 'Certifié MCSE'),
(14, 'Certifié CCENT'),
(15, 'Formation MS'),
(16, 'Certifié MCDST'),
(17, 'Certifié CSP'),
(18, 'Salle de marché'),
(19, 'handicapé');

-- --------------------------------------------------------

--
-- Table structure for table `xp`
--

DROP TABLE IF EXISTS `xp`;
CREATE TABLE IF NOT EXISTS `xp` (
  `id_xp` tinyint DEFAULT NULL,
  `xp_name` varchar(20) DEFAULT NULL
) ENGINE=InnoDB DEFAULT CHARSET=utf8mb4 COLLATE=utf8mb4_general_ci;

--
-- Dumping data for table `xp`
--

INSERT INTO `xp` (`id_xp`, `xp_name`) VALUES
(0, 'NC'),
(1, 'Junior (<2 ans)'),
(2, 'Confirmé (2->10 ans)'),
(3, 'Senior (>10 ans)');
COMMIT;

/*!40101 SET CHARACTER_SET_CLIENT=@OLD_CHARACTER_SET_CLIENT */;
/*!40101 SET CHARACTER_SET_RESULTS=@OLD_CHARACTER_SET_RESULTS */;
/*!40101 SET COLLATION_CONNECTION=@OLD_COLLATION_CONNECTION */;
